Workbook
Name CurrentStatus: '[1]ADMIN TAB - DO NOT TOUCH'!$A$24:$A$33
Name ExitReason: '[1]ADMIN TAB - DO NOT TOUCH'!$A$88:$A$102
Name FY20SCHOOLS: '[1]ADMIN TAB - DO NOT TOUCH'!$A$5:$A$20
Name GeninfoWhole: 'GenInfo (2)'!$F$8:$IL$94
Name Grades: '[1]ADMIN TAB - DO NOT TOUCH'!$A$106:$A$112
Name HiatusHB: '[1]ADMIN TAB - DO NOT TOUCH'!$A$64:$A$66
Name ogchecklist: #REF!
Name oggeninfo: #REF!
Name Placement: '[1]ADMIN TAB - DO NOT TOUCH'!$A$43:$A$52
Name Race: '[1]ADMIN TAB - DO NOT TOUCH'!$A$56:$A$60
Name ReferralEnd: '[1]ADMIN TAB - DO NOT TOUCH'!$A$37:$A$39
Name ReferralReason: '[1]ADMIN TAB - DO NOT TOUCH'!$A$70:$A$84
Name TranYouthStatus: '[1]ADMIN TAB - DO NOT TOUCH'!$D$4:$D$9

Sheet GenInfo (2)
K1: REFERRAL | U1: ENTRY/EXIT/DISCHARGE | AA1: CASEWORKER INFO | AK1: DEMOGRAPHICS AND MOBILITY | BD1: ATTENDANCE/TRUANCY/ACE BREAKDOWN | BN1: ATTENDANCE / ACE QTR 1 | CP1: ATTENDANCE/ACE QTR 2 | DT1: ATTENDANCE/ACE QTR 3 | EX1: ATTENDANCE/ACE QTR 4 | GE1: CREDIT GAINS | GP1: CHECKLIST | IM1: SKILLS GAINS/STAR SCORES | LM1: DO NOT USE COLUMNS RIGHT OF THIS MARKER | LN1: ADMIN 1 (DO NOT TOUCH) | LQ1: ADMIN 2 (DO NOT TOUCH) | LT1: ADMIN 3 (DO NOT TOUCH) | LW1: ADMIN 4 (DO NOT TOUCH) | LZ1: ADMIN 5 (DO NOT TOUCH) | MC1: ADMIN 6 (DO NOT TOUCH) | MF1: ADMIN 7 (DO NOT TOUCH) | MI1: ADMIN 8 (DO NOT TOUCH) | ML1: ADMIN 9 (DO NOT TOUCH) | MO1: ADMIN 10 (DO NOT TOUCH) | MR1: ADMIN 11 (DO NOT TOUCH) | MU1: ADMIN 12 (DO NOT TOUCH) | MX1: ADMIN 13 (DO NOT TOUCH) | NA1: ADMIN 14 (DO NOT TOUCH) | ND1: ADMIN 15 (DO NOT TOUCH)
GP4: ENROLLMENT DOCUMENTS | HL4: STAR SCORES | HR4: REPORT CARDS/TRANSCRIPTS | ID4: ACE PACKET DOCUMENTS
A5: Fields to the right filled in Blue are data originally obtained from the YS3 Referral form | C5: LAST NAME | D5: FIRST NAME | E5: SCHOOL | F5: DCFS ID# | G5: CURRENT STATUS | H5: IF OTHER, PLEASE EXPLAIN | I5: EMAIL ADDRESS | J5: PHONE # | L5: DATE REFERRED TO ASN | M5: DATE APPROVED BY DCFS | N5: PUT "X" IF OFFICIALLY PENDING | O5: PENDING MONTH | P5: OFFICIALLY PENDING START | Q5: OFFICIALLY PENDING END | R5: REFERRAL END STATUS | S5: REFERRAL END STATUS DATE | T5: IF NOT ACCEPTED OR NOT APPROVED BY DCFS, PLEASE PROVIDE REASON | V5: ENROLLMENT DATE | W5: SCHOOL EXIT DATE | X5: SCHOOL EXIT REASON | Y5: PROGRAM DISCHARGE DATE | Z5: PROGRAM DISCHARGE REASON | AB5: Current Caseworker Name | AC5: Phone | AD5: Email | AE5: Agency | AF5: Street Address | AG5: Unit / Suite # | AH5: City | AI5: State | AJ5: Zip | AL5: ENTRY AGE | AM5: CURRENT | AN5: DOB | AO5: Months until 21 | AP5: Gender | AR5: LIVING SITUATION | AS5: Number of Previous HS | AT5: Number of DAYS out of school | AU5: How old when case was open | AV5: Number of Placements | AW5: DAYS at current placement | AX5: Grade at Entry | AY5: SpecEd | AZ5: TP Entry | BA5: TP To Date | BB5: DUE DATE IF PREGNANT? | BC5: # CHILDREN | BE5: TOTAL MTHS POSSIBLE ATTENDANCE | BF5: TOTAL MONTHS ATTENDED AT LEAST 1 DAY | BG5: TOTAL MONTHS TRUANT | BH5: ATTENDANCE MONTHLY AVG % | BI5: % MONTHS TRUANT | BJ5: # MONTHS PARTICIPATED IN ACE | BK5: % MONTHS ACE PARTICIPATION | BL5: TOTAL HOURS ACE | BM5: TOTAL $ EARNED | BN5: JULY | BX5: AUGUST | CF5: SEPTEMBER | CP5: OCTOBER | CZ5: NOVEMBER | DJ5: DECEMBER | DT5: JANUARY | ED5: FEBRUARY | EN5: MARCH | EX5: APRIL | FI5: MAY | FT5: JUNE | GF5: CREDITS AT START OF FY | GG5: GRADE LEVEL AT START OF FY | GH5: SUMMER | GI5: QTR 1 | GJ5: QTR 2 | GK5: TOTAL GAINED SUMMER & SEMESTER 1 | GL5: QTR 3 | GM5: QTR 4 | GN5: TOTAL GAINED SEMESTER 2 | GO5: CREDITS AT END OF FY | GQ5: Referral Form | GR5: Entry Student Review | GS5: Trial Consent Form | GT5: Birth Certificate | GU5: Soc Sec Card | GV5: State ID / Drivers License | GW5: Medical Card | GX5: IEP (if needed) | GY5: Entry STAR Math | GZ5: Entry STAR Reading | HA5: Previous HS Transcripts (all) | HB5: Entry School Transcript | HC5: Exit Forms | HD5: Exit Proof | HE5: Exit Student Review | HF5: Client Satisfaction Survey | HG5: Casey Life Skills | HH5: Staffing Forms | HI5: Staffing Follow-up Forms | HJ5: Hiatus Form | HK5: Homebound Documentation | HL5: STAR-M (Pre - Sept/Oct - Due 10/18/19) | HM5: STAR-M (Mid - Dec/Jan - Due 1/15/20) | HN5: STAR-M (Post - April/May - Due 5/30/19) | HO5: STAR-R (Pre - Sept/Oct - Due 10/18/19) | HP5: STAR-R (Mid - Dec/Jan - Due 1/15/20) | HQ5: STAR-R (Post - April/May - Due 5/30/19) | HR5: Summer Report Card | HS5: Quarter 1 - Report Card | HT5: Quarter 2 - Report Card | HU5: Quarter 3 - Report Card | HV5: Quarter 4 - Report Card | HW5: Summer Updated Transcript (Due 10/17/17) | HX5: 1st Semester Transcript (Due 2/1/2018) | HY5: 2nd Semester Transcript (Due 6/15/2018) | HZ5: Student Review 1 (Due 10/17/19) | IA5: Student Review 2 (Due 2/13/20) | IB5: Student Review 3 (Due 6/26/20) | IC5: Annual High School Academic Plan | ID5: Year | IE5: Enrollment Checklist | IF5: Employee Action Form | IG5: I-9 | IH5: W-4 Federal | II5: W-4 Illinois | IJ5: License or ID | IK5: SSC or BC | IL5: SUMMER ENROLLMENT CHECKLIST | IO5: MATH | JC5: READING
AQ6: Ethn | BN6: HIATUS/HB STATUS? | BO6: HIATUS/HB START | BP6: HIATUS/HB END | BQ6: POSSIBLE DAYS ATTENDED | BR6: ATTENDED DAYS | BS6: ATTENDANCE % | BT6: ACE WORK HRS 1 | BU6: ACE HRS 2 | BV6: TOTAL ACE HRS | BW6: ACE $ EARNED | BX6: HIATUS/HB STATUS? | BY6: HIATUS/HB START DATE | BZ6: HIATUS/HB END DATE | CA6: POSSIBLE DAYS ATTENDED | CB6: ATTENDED DAYS | CC6: ATTENDANCE % | CD6: ACE WORK HRS | CE6: ACE $ EARNED | CF6: HIATUS/HB STATUS? | CG6: HIATUS/HB START DATE | CH6: HIATUS/HB END DATE | CI6: POSSIBLE DAYS ATTENDED | CJ6: ATTENDED DAYS | CK6: ATTENDANCE % | CL6: ACE 1 | CM6: ACE 2 | CN6: ACE TOTAL | CO6: ACE $ EARNED | CP6: HIATUS/HB STATUS? | CQ6: HIATUS/HB START DATE | CR6: HIATUS/HB END DATE | CS6: POSSIBLE DAYS ATTENDED | CT6: ATTENDED DAYS | CU6: ATTENDANCE % | CV6: ACE 1 HRS | CW6: ACE 2 HRS | CX6: TOTAL ACE HRS | CY6: ACE $ | CZ6: HIATUS/HB STATUS? | DA6: HIATUS/HB START DATE | DB6: HIATUS/HB END DATE | DC6: POSSIBLE DAYS ATTENDED | DD6: ATTENDED DAYS | DE6: ATTENDANCE % | DF6: ACE 1 | DG6: ACE 2 | DH6: ACE HRS | DI6: ACE $ | DJ6: HIATUS/HB STATUS? | DK6: HIATUS/HB START DATE | DL6: HIATUS/HB END DATE | DM6: POSSIBLE DAYS ATTENDED | DN6: ATTENDED DAYS | DO6: ATTENDANCE % | DP6: ACE 1 | DQ6: ACE 2 | DR6: ACE HRS | DS6: ACE TOTAL | DT6: HIATUS/HB STATUS? | DU6: HIATUS/HB START DATE | DV6: HIATUS/HB END DATE | DW6: POSSIBLE DAYS ATTENDED | DX6: ATTENDED DAYS | DY6: ATTENDANCE % | DZ6: ACE 1 | EA6: ACE 2 | EB6: TOTAL ACE HOURS | EC6: TOTAL ACE PAY | ED6: HIATUS/HB STATUS? | EE6: HIATUS/HB START DATE | EF6: HIATUS/HB END DATE | EG6: POSSIBLE DAYS ATTENDED | EH6: ATTENDED DAYS | EI6: ATTENDANCE % | EJ6: ACE 1 HRS | EK6: ACE 2 HRS | EL6: TOTAL ACE HRS | EM6: ACE $ | EN6: HIATUS/HB STATUS? | EO6: HIATUS/HB START DATE | EP6: HIATUS/HB END DATE | EQ6: POSSIBLE DAYS ATTENDED | ER6: ATTENDED DAYS | ES6: ATTENDANCE % | ET6: ACE 1 HRS | EU6: ACE 2 HRS | EV6: TOTAL ACE HRS | EW6: ACE $ | EX6: HIATUS/HB STATUS? | EY6: HIATUS/HB START DATE | EZ6: HIATUS/HB END DATE | FA6: POSSIBLE DAYS ATTENDED | FB6: ATTENDED DAYS | FC6: ATTENDANCE % | FD6: TUTORING | FE6: COUNSELING | FF6: AFTER SCHOOL | FG6: WORK | FH6: ACE TOTAL | FI6: HIATUS/HB STATUS? | FJ6: HIATUS/HB START DATE | FK6: HIATUS/HB END DATE | FL6: POSSIBLE DAYS ATTENDED | FM6: ATTENDED DAYS | FN6: ATTENDANCE % | FO6: TUTORING | FP6: COUNSELING | FQ6: AFTER SCHOOL | FR6: WORK | FS6: ACE TOTAL | FT6: HIATUS/HB STATUS? | FU6: HIATUS/HB START DATE | FV6: HIATUS/HB END DATE | FW6: POSSIBLE DAYS ATTENDED | FX6: ATTENDED DAYS | FY6: ATTENDANCE % | FZ6: TUTORING | GA6: COUNSELING | GB6: AFTER SCHOOL | GC6: WORK | GD6: ACE TOTAL | IN6: ENTRY | IO6: JULY | IP6: AUG | IQ6: SEPT | IR6: OCT | IS6: NOV | IT6: DEC | IU6: JAN | IV6: FEB | IW6: MARCH | IX6: APRIL | IY6: MAY | IZ6: JUNE | JA6: # OF TESTS | JB6: GAIN | JC6: ENTRY | JD6: JULY7 | JE6: AUG8 | JF6: SEPT9 | JG6: OCT10 | JH6: NOV11 | JI6: DEC12 | JJ6: JAN13 | JK6: FEB14 | JL6: MARCH15 | JM6: APRIL16 | JN6: MAY17 | JO6: JUNE2 | JP6: # TESTS | JQ6: GAIN | JR6: 32 | JS6: 33 | JT6: 34 | JU6: 35 | JV6: 36 | JW6: 37 | JX6: 38 | JY6: 39 | JZ6: 40 | KA6: 41 | KB6: 42 | KC6: 43 | KD6: 44 | KE6: 45 | KF6: 46 | KG6: 47 | KH6: 48 | KI6: 49 | KJ6: 50 | KK6: 51 | KL6: 52 | KM6: 53 | KN6: 55 | KO6: 56 | KP6: 57 | KQ6: 58 | KR6: 59 | KS6: 60 | KT6: 61 | KU6: 62 | KV6: 63 | KW6: 64 | KX6: 65 | KY6: 66 | KZ6: 67 | LA6: 68 | LB6: 69 | LC6: 70 | LD6: 71 | LE6: 72 | LF6: 73 | LG6: 74 | LH6: 75 | LI6: 76 | LJ6: 77 | LK6: 78 | LL6: 79
A7: Selection | B7: Sorting
A8: x | B8: 4 | C8: Sample01 | D8: Student01 | E8: Antonia Pantoja Hs | F8: N5996686 | G8: Enrolled | I8: SSample01@asn.com | J8: 773-555-0001 | V8: 43549 | W8: Current | AB8: Megan Garcia | AC8: 847-404-0878 | AD8: megan.burgess-garcia@illinois.gov | AE8: DCFS | AF8: 1755 Lake Cook Rd. | AG8: F15 | AH8: Deerfield | AI8: IL | AJ8: 60015 | AL8: =IFERROR(DATEDIF(AN8,V8,"y"),"") -> 16 | AM8: =IFERROR(DATEDIF($AN8,TODAY(),"y"),"") -> 18 | AN8: 37687 | AO8: =IFERROR(DATEDIF(TODAY(),EDATE(AN8,(12*21)),"m"),"") -> 25 | AP8: F | AQ8: Latino/Hispanic | AR8: Foster home | AS8: 1 | AT8: 90 | AU8: 15 | AV8: 2 | AW8: 7 | AX8: Freshman | AY8: No | AZ8: No | BA8: No | BE8: =IFERROR(COUNTIF(CI8,">0")+COUNTIF(CS8,">0")+COUNTIF(DC8,">0")+COUNTIF(DM8,">0")+COUNTIF(DW8,">0")+COUNTIF(EG8,">0")," ") -> 6 | BF8: =IFERROR(COUNTIF(CJ8,">0")+COUNTIF(CT8,">0")+COUNTIF(DD8,">0")+COUNTIF(DN8,">0")+COUNTIF(DX8,">0")+COUNTIF(EH8,">0")," ") -> 6 | BG8: =IFERROR(COUNTIF(CK8,"<49.5%")+COUNTIF(CU8,"<49.5%")+COUNTIF(DE8,"<49.5%")+COUNTIF(DO8,"<49.5%")+COUNTIF(DY8,"<49.5%")+COUNTIF(EI8,"<49.5%")," ") -> 0 | BH8: =IFERROR(AVERAGE(CK8,CU8,DE8,DO8,DY8,EI8)," ") -> 1 | BI8: =IFERROR(BG8/BE8," ") -> 0 | BJ8: =IFERROR(COUNTIF(CN8,">0")+COUNTIF(CW8,">0")+COUNTIF(DH8,">0")+COUNTIF(DR8,">0")+COUNTIF(EB8,">0")+COUNTIF(EL8,">0")," ") -> 6 | BK8: =IFERROR(BJ8/BE8," ") -> 1 | BL8: =IFERROR(SUM(BV8,CD8,CN8,CW8,DH8,DR8,EB8,EL8),"") -> 186 | BM8: =IFERROR(SUM(BW8,CE8,CO8,CX8,DI8,DS8,EC8,EM8),"") -> 1711 | BQ8: 18 | BR8: 18 | BS8: =IFERROR(BR8/BQ8," ") -> 1 | BT8: 30 | BU8: 30 | BV8: 60 | BW8: 780 | CA8: 7 | CB8: 7 | CC8: =IFERROR(CB8/CA8," ") -> 1 | CD8: 30 | CE8: 390 | CI8: 18 | CJ8: 18 | CK8: =IFERROR(CJ8/CI8," ") -> 1 | CL8: 2 | CM8: 0 | CN8: 2 | CO8: 12 | CS8: 22 | CT8: 22 | CU8: =IFERROR(CT8/CS8," ") -> 1 | CV8: 10 | CW8: 9 | CX8: 19 | CY8: 114 | DC8: 15 | DD8: 15 | DE8: =IFERROR(DD8/DC8," ") -> 1 | DF8: 6 | DG8: 7 | DH8: 13 | DI8: 78 | DM8: 15 | DN8: 15 | DO8: =IFERROR(DN8/DM8," ") -> 1 | DP8: 12 | DQ8: 8 | DR8: 20 | DS8: 120 | DW8: 17 | DX8: 17 | DY8: =IFERROR(DX8/DW8," ") -> 1 | DZ8: 13 | EA8: 13 | EB8: 26 | EC8: 156 | EG8: 17 | EH8: 17 | EI8: =IFERROR(EH8/EG8," ") -> 1 | EJ8: 13 | EK8: 13 | EL8: 26 | EM8: 156 | EQ8: 10 | ER8: 10 | ES8: =IFERROR(ER8/EQ8," ") -> 1 | ET8: 13 | EV8: 13 | EW8: 78 | FC8: =IFERROR(FB8/FA8," ") | FH8: =SUM(FD8:FG8) -> 0 | FN8: =IFERROR(FM8/FL8," ") | FS8: =SUM(FO8:FR8) -> 0 | FY8: =IFERROR(FX8/FW8," ") | GD8: =SUM(FZ8:GC8) -> 0 | GF8: 12 | GG8: Senior | GI8: 3.25 | GJ8: 2.75 | GK8: =IFERROR(SUM(GH8:GJ8)," ") -> 6 | GL8: 1 | GN8: =IFERROR(SUM(GL8:GM8)," ") -> 1 | GO8: =IFERROR(GF8+GK8+GN8," ") -> 19 | GQ8: x | GR8: x | GS8: x | GT8: x | GU8: x | GV8: m | GW8: x | GX8: no | GY8: =IFERROR(IF(IN8>0,"X",""),"") -> X | GZ8: =IFERROR(IF(JC8>0,"X",""),"") -> X | HA8: x | HB8: m | HC8: 0 | HD8: 0 | HE8: 0 | HF8: x | HG8: x | HH8: 0 | HI8: 0 | HJ8: 0 | HK8: 0 | HL8: =IFERROR(IF(OR(IQ8>0,IR8>0,IS8>0),"x",""),"") -> x | HM8: =IFERROR(IF(OR(IT8>0,IU8>0,IV8>0),"x",""),"") | HN8: n/a | HO8: =IFERROR(IF(OR(JE8>0,JF8>0,JG8>0,JH8>0),"x",""),"") -> x | HP8: =IFERROR(IF(OR(JI8>0,JJ8>0,JK8>0),"x",""),"") -> x | HQ8: n/a | HS8: x | HU8: x | HX8: x | HZ8: x | IA8: m | IC8: x | ID8: 19/20 | IE8: x | IF8: x | IG8: x | IH8: x | II8: x | IJ8: x | IK8: x | IL8: x | IN8: 12 | IQ8: 12 | JA8: =COUNTIF(IO8:IZ8,">=0.0") -> 1 | JC8: 8.5 | JF8: 7.3 | JJ8: m | JP8: =COUNTIF(JD8:JO8,">=0.0") -> 1 | LN8: =IFERROR(ROWS($IL$8:IL8)," ") -> 1 | LO8: =IFERROR(IF([1]Checklist!$C$3='GenInfo (2)'!E8,'GenInfo (2)'!LN8," ")," ") -> 1 | LP8: =IFERROR(SMALL($LO$8:$LO$94,ROWS($IL$8:IL8))," ") -> 1 | LQ8: =IFERROR(ROWS($IL$8:IL8)," ") -> 1 | LR8: =IFERROR(IF([1]Checklist!$C$4='GenInfo (2)'!E8,'GenInfo (2)'!LQ8," ")," ") | LS8: =IFERROR(SMALL($LR$8:$LR$94,ROWS($IL$8:IL8))," ") -> 5 | LT8: =IFERROR(ROWS($IL$8:IL8)," ") -> 1 | LU8: =IFERROR(IF([1]Checklist!$C$5='GenInfo (2)'!E8,'GenInfo (2)'!LT8," ")," ") | LV8: =IFERROR(SMALL($LU$8:$LU$94,ROWS($IL$8:IL8))," ") -> 8 | LW8: =IFERROR(ROWS($IL$8:IL8)," ") -> 1 | LX8: =IFERROR(IF([1]Checklist!$C$6='GenInfo (2)'!E8,'GenInfo (2)'!LW8," ")," ") | LY8: =IFERROR(SMALL($LX$8:$LX$94,ROWS($IL$8:IL8))," ") -> 10 | LZ8: =IFERROR(ROWS($IL$8:IL8)," ") -> 1 | MA8: =IFERROR(IF([1]Checklist!$C$7='GenInfo (2)'!E8,'GenInfo (2)'!LZ8," ")," ") | MB8: =IFERROR(SMALL($MA$8:$MA$94,ROWS($IL$8:IL8))," ") -> 13 | MC8: =IFERROR(ROWS($IL$8:IL8)," ") -> 1 | MD8: =IFERROR(IF([1]Checklist!$C$8='GenInfo (2)'!E8,'GenInfo (2)'!MC8," ")," ") | ME8: =IFERROR(SMALL($MD$8:$MD$94,ROWS($IL$8:IL8))," ") -> 17 | MF8: =IFERROR(ROWS($IL$8:IL8)," ") -> 1 | MG8: =IFERROR(IF([1]Checklist!$C$9='GenInfo (2)'!E8,'GenInfo (2)'!MF8," ")," ") | MH8: =IFERROR(SMALL($MG$8:$MG$94,ROWS($IL$8:IL8))," ") -> 18 | MI8: =IFERROR(ROWS($IL$8:$IL8)," ") -> 1 | MJ8: =IFERROR(IF([1]Checklist!$C$10='GenInfo (2)'!E8,'GenInfo (2)'!MI8," ")," ") | MK8: =IFERROR(SMALL($MJ$8:$MJ$94,ROWS($IL$8:IL8))," ") -> 21 | ML8: =IFERROR(ROWS($IL$8:IL8)," ") -> 1 | MM8: =IFERROR(IF([1]Checklist!$C$11='GenInfo (2)'!E8,'GenInfo (2)'!ML8," ")," ") | MN8: =IFERROR(SMALL($MM$8:$MM$94,ROWS($IL$8:IL8))," ") -> 23 | MO8: =IFERROR(ROWS($IL$8:IL8)," ") -> 1 | MP8: =IFERROR(IF([1]Checklist!$C$12='GenInfo (2)'!E8,'GenInfo (2)'!MO8," ")," ") | MQ8: =IFERROR(SMALL($MP$8:$MP$94,ROWS($IL$8:IL8))," ") -> 26 | MR8: =IFERROR(ROWS($IL$8:IL8)," ") -> 1 | MS8: =IFERROR(IF([1]Checklist!$C$13='GenInfo (2)'!E8,'GenInfo (2)'!MR8," ")," ") | MT8: =IFERROR(SMALL($MS$8:$MS$94,ROWS($IL$8:IL8))," ") -> 27 | MU8: =IFERROR(ROWS($IL$8:IL8)," ") -> 1 | MV8: =IFERROR(IF([1]Checklist!$C$14='GenInfo (2)'!E8,'GenInfo (2)'!MU8," ")," ") | MW8: =IFERROR(SMALL($MV$8:$MV$94,ROWS($IL$8:IL8))," ") -> 31 | MX8: =IFERROR(ROWS($IL$8:IL8)," ") -> 1 | MY8: =IFERROR(IF([1]Checklist!$C$15='GenInfo (2)'!E8,'GenInfo (2)'!MX8," ")," ") | MZ8: =IFERROR(SMALL($MY$8:$MY$94,ROWS($IL$8:IL8))," ") -> 34 | NA8: =IFERROR(ROWS($IL$8:IL8)," ") -> 1 | NB8: =IFERROR(IF([1]Checklist!$C$16='GenInfo (2)'!E8,'GenInfo (2)'!NA8," ")," ") | NC8: =IFERROR(SMALL($NB$8:$NB$94,ROWS($IL$8:IL8))," ") -> 42 | ND8: =IFERROR(ROWS($IL$8:IL8)," ") -> 1 | NE8: =IFERROR(IF([1]Checklist!$C$17='GenInfo (2)'!E8,'GenInfo (2)'!ND8," ")," ") | NF8: =IFERROR(SMALL($NE$8:$NE$94,ROWS($IL$8:IL8))," ") -> 46
A9: x | B9: 14 | C9: Sample02 | D9: Student02 | E9: Antonia Pantoja Hs | F9: N7996585 | G9: Enrolled | I9: SSample02@asn.com | J9: 773-555-0002 | V9: 43159 | W9: Current | AB9: Jamie Myers | AC9: (708) 738-1497 | AD9: jamie_myers@lcfs.org | AE9: Luthern Child & Family Services | AF9: 7601 S. Kostner | AH9: Chicago | AI9: IL | AJ9: 60652 | AL9: =IFERROR(DATEDIF(AN9,V9,"y"),"") -> 18 | AM9: =IFERROR(DATEDIF($AN9,TODAY(),"y"),"") -> 22 | AN9: 36493 | AO9: =IFERROR(DATEDIF(TODAY(),EDATE(AN9,(12*21)),"m"),"") | AP9: F | AQ9: Caucasian | AR9: Foster home | AS9: 1 | AU9: 16 | AV9: 2 | AW9: 730 | AX9: Junior | AY9: No | AZ9: No | BA9: Pregnant | BE9: =IFERROR(COUNTIF(CI9,">0")+COUNTIF(CS9,">0")+COUNTIF(DC9,">0")+COUNTIF(DM9,">0")+COUNTIF(DW9,">0")+COUNTIF(EG9,">0")," ") -> 6 | BF9: =IFERROR(COUNTIF(CJ9,">0")+COUNTIF(CT9,">0")+COUNTIF(DD9,">0")+COUNTIF(DN9,">0")+COUNTIF(DX9,">0")+COUNTIF(EH9,">0")," ") -> 4 | BG9: =IFERROR(COUNTIF(CK9,"<49.5%")+COUNTIF(CU9,"<49.5%")+COUNTIF(DE9,"<49.5%")+COUNTIF(DO9,"<49.5%")+COUNTIF(DY9,"<49.5%")+COUNTIF(EI9,"<49.5%")," ") -> 4 | BH9: =IFERROR(AVERAGE(CK9,CU9,DE9,DO9,DY9,EI9)," ") -> 0.35534188 | BI9: =IFERROR(BG9/BE9," ") -> 0.66666667 | BJ9: =IFERROR(COUNTIF(CN9,">0")+COUNTIF(CW9,">0")+COUNTIF(DH9,">0")+COUNTIF(DR9,">0")+COUNTIF(EB9,">0")+COUNTIF(EL9,">0")," ") -> 3 | BK9: =IFERROR(BJ9/BE9," ") -> 0.5 | BL9: =IFERROR(SUM(BV9,CD9,CN9,CW9,DH9,DR9,EB9,EL9),"") -> 8 | BM9: =IFERROR(SUM(BW9,CE9,CO9,CX9,DI9,DS9,EC9,EM9),"") -> 41 | BQ9: 18 | BR9: 9 | BS9: =IFERROR(BR9/BQ9," ") -> 0.5 | BT9: 0 | BU9: 0 | BV9: 0 | BW9: 0 | CA9: 7 | CB9: 5 | CC9: =IFERROR(CB9/CA9," ") -> 0.71428571 | CD9: 0 | CE9: 0 | CI9: 13 | CJ9: 8 | CK9: =IFERROR(CJ9/CI9," ") -> 0.61538462 | CL9: 0 | CM9: 0 | CN9: 0 | CO9: 0 | CS9: 4 | CT9: 4 | CU9: =IFERROR(CT9/CS9," ") -> 1 | CV9: 3 | CW9: 2 | CX9: 5 | CY9: 30 | DC9: 15 | DD9: 4 | DE9: =IFERROR(DD9/DC9," ") -> 0.26666667 | DF9: 2 | DG9: 2 | DH9: 4 | DI9: 24 | DM9: 8 | DN9: 2 | DO9: =IFERROR(DN9/DM9," ") -> 0.25 | DP9: 2 | DQ9: 0 | DR9: 2 | DS9: 12 | DW9: 18 | DX9: 0 | DY9: =IFERROR(DX9/DW9," ") -> 0 | DZ9: 0 | EA9: 0 | EB9: 0 | EC9: 0 | EG9: 18 | EH9: 0 | EI9: =IFERROR(EH9/EG9," ") -> 0 | EJ9: 0 | EK9: 0 | EL9: 0 | EM9: 0 | ES9: =IFERROR(ER9/EQ9," ") | ET9: 0 | EV9: 0 | EW9: 0 | FC9: =IFERROR(FB9/FA9," ") | FH9: =SUM(FD9:FG9) -> 0 | FN9: =IFERROR(FM9/FL9," ") | FS9: =SUM(FO9:FR9) -> 0 | FY9: =IFERROR(FX9/FW9," ") | GD9: =SUM(FZ9:GC9) -> 0 | GF9: 12.5 | GG9: Senior | GI9: 0.25 | GK9: =IFERROR(SUM(GH9:GJ9)," ") -> 0.25 | GL9: 0 | GN9: =IFERROR(SUM(GL9:GM9)," ") -> 0 | GO9: =IFERROR(GF9+GK9+GN9," ") -> 12.75 | GQ9: x | GR9: x | GS9: x | GT9: x | GU9: x | GV9: x | GW9: x | GX9: no | GY9: =IFERROR(IF(IN9>0,"X",""),"") -> X | GZ9: =IFERROR(IF(JC9>0,"X",""),"") -> X | HA9: x | HB9: x | HC9: 0 | HD9: 0 | HE9: 0 | HF9: 0 | HG9: x | HH9: 0 | HI9: 0 | HJ9: 0 | HK9: 0 | HL9: =IFERROR(IF(OR(IQ9>0,IR9>0,IS9>0),"x",""),"") -> x | HM9: =IFERROR(IF(OR(IT9>0,IU9>0,IV9>0),"x",""),"") | HN9: n/a | HO9: =IFERROR(IF(OR(JE9>0,JF9>0,JG9>0,JH9>0),"x",""),"") -> x | HP9: =IFERROR(IF(OR(JI9>0,JJ9>0,JK9>0),"x",""),"") -> x | HQ9: n/a | HS9: x | HX9: x | HZ9: x | IA9: m | IC9: x | ID9: 19/20 | IE9: x | IF9: x | IG9: x | IH9: x | II9: x | IJ9: x | IK9: x | IN9: 5.3 | IQ9: 6 | JA9: =COUNTIF(IO9:IZ9,">=0.0") -> 1 | JC9: 5.9 | JF9: 5.5 | JJ9: m | JP9: =COUNTIF(JD9:JO9,">=0.0") -> 1 | LN9: =IFERROR(ROWS($IL$8:IL9)," ") -> 2 | LO9: =IFERROR(IF([1]Checklist!$C$3='GenInfo (2)'!E9,'GenInfo (2)'!LN9," ")," ") -> 2 | LP9: =IFERROR(SMALL($LO$8:$LO$94,ROWS($IL$8:IL9))," ") -> 2 | LQ9: =IFERROR(ROWS($IL$8:IL9)," ") -> 2 | LR9: =IFERROR(IF([1]Checklist!$C$4='GenInfo (2)'!E9,'GenInfo (2)'!LQ9," ")," ") | LS9: =IFERROR(SMALL($LR$8:$LR$94,ROWS($IL$8:IL9))," ") -> 6 | LT9: =IFERROR(ROWS($IL$8:IL9)," ") -> 2 | LU9: =IFERROR(IF([1]Checklist!$C$5='GenInfo (2)'!E9,'GenInfo (2)'!LT9," ")," ") | LV9: =IFERROR(SMALL($LU$8:$LU$94,ROWS($IL$8:IL9))," ") -> 9 | LW9: =IFERROR(ROWS($IL$8:IL9)," ") -> 2 | LX9: =IFERROR(IF([1]Checklist!$C$6='GenInfo (2)'!E9,'GenInfo (2)'!LW9," ")," ") | LY9: =IFERROR(SMALL($LX$8:$LX$94,ROWS($IL$8:IL9))," ") -> 11 | LZ9: =IFERROR(ROWS($IL$8:IL9)," ") -> 2 | MA9: =IFERROR(IF([1]Checklist!$C$7='GenInfo (2)'!E9,'GenInfo (2)'!LZ9," ")," ") | MB9: =IFERROR(SMALL($MA$8:$MA$94,ROWS($IL$8:IL9))," ") -> 14 | MC9: =IFERROR(ROWS($IL$8:IL9)," ") -> 2 | MD9: =IFERROR(IF([1]Checklist!$C$8='GenInfo (2)'!E9,'GenInfo (2)'!MC9," ")," ") | ME9: =IFERROR(SMALL($MD$8:$MD$94,ROWS($IL$8:IL9))," ") | MF9: =IFERROR(ROWS($IL$8:IL9)," ") -> 2 | MG9: =IFERROR(IF([1]Checklist!$C$9='GenInfo (2)'!E9,'GenInfo (2)'!MF9," ")," ") | MH9: =IFERROR(SMALL($MG$8:$MG$94,ROWS($IL$8:IL9))," ") -> 19 | MI9: =IFERROR(ROWS($IL$8:$IL9)," ") -> 2 | MJ9: =IFERROR(IF([1]Checklist!$C$10='GenInfo (2)'!E9,'GenInfo (2)'!MI9," ")," ") | MK9: =IFERROR(SMALL($MJ$8:$MJ$94,ROWS($IL$8:IL9))," ") -> 22 | ML9: =IFERROR(ROWS($IL$8:IL9)," ") -> 2 | MM9: =IFERROR(IF([1]Checklist!$C$11='GenInfo (2)'!E9,'GenInfo (2)'!ML9," ")," ") | MN9: =IFERROR(SMALL($MM$8:$MM$94,ROWS($IL$8:IL9))," ") -> 24 | MO9: =IFERROR(ROWS($IL$8:IL9)," ") -> 2 | MP9: =IFERROR(IF([1]Checklist!$C$12='GenInfo (2)'!E9,'GenInfo (2)'!MO9," ")," ") | MQ9: =IFERROR(SMALL($MP$8:$MP$94,ROWS($IL$8:IL9))," ") | MR9: =IFERROR(ROWS($IL$8:IL9)," ") -> 2 | MS9: =IFERROR(IF([1]Checklist!$C$13='GenInfo (2)'!E9,'GenInfo (2)'!MR9," ")," ") | MT9: =IFERROR(SMALL($MS$8:$MS$94,ROWS($IL$8:IL9))," ") -> 28 | MU9: =IFERROR(ROWS($IL$8:IL9)," ") -> 2 | MV9: =IFERROR(IF([1]Checklist!$C$14='GenInfo (2)'!E9,'GenInfo (2)'!MU9," ")," ") | MW9: =IFERROR(SMALL($MV$8:$MV$94,ROWS($IL$8:IL9))," ") -> 32 | MX9: =IFERROR(ROWS($IL$8:IL9)," ") -> 2 | MY9: =IFERROR(IF([1]Checklist!$C$15='GenInfo (2)'!E9,'GenInfo (2)'!MX9," ")," ") | MZ9: =IFERROR(SMALL($MY$8:$MY$94,ROWS($IL$8:IL9))," ") -> 35 | NA9: =IFERROR(ROWS($IL$8:IL9)," ") -> 2 | NB9: =IFERROR(IF([1]Checklist!$C$16='GenInfo (2)'!E9,'GenInfo (2)'!NA9," ")," ") | NC9: =IFERROR(SMALL($NB$8:$NB$94,ROWS($IL$8:IL9))," ") -> 43 | ND9: =IFERROR(ROWS($IL$8:IL9)," ") -> 2 | NE9: =IFERROR(IF([1]Checklist!$C$17='GenInfo (2)'!E9,'GenInfo (2)'!ND9," ")," ") | NF9: =IFERROR(SMALL($NE$8:$NE$94,ROWS($IL$8:IL9))," ") -> 47
A10: x | B10: 19 | C10: Sample03 | D10: Student03 | E10: Antonia Pantoja Hs | F10: Y5686785 | G10: Enrolled | I10: SSample03@asn.com | J10: 773-555-0003 | L10: 43948 | M10: 43949 | O10: 43922 | V10: 43951 | W10: Current | AB10: Trella Wade-Mitchell | AC10: (708) 718-6204 | AD10: twademitchell@nyap.org | AE10: NYAP | AM10: 17 | AN10: 37618 | AP10: F | AQ10: African American | AR10: Foster home | AS10: 0 | AT10: Unk | AU10: 14 | AV10: 4 | AW10: Unk | AX10: Pendinng | AY10: Unk | AZ10: No | BA10: No | GK10: =IFERROR(SUM(GH10:GJ10)," ") -> 0 | GQ10: x | GR10: x | GT10: x | GU10: x | GW10: x | GX10: x | GY10: x | GZ10: x | HA10: x | HG10: x | HN10: n/a | HQ10: n/a | IC10: x | IL10: x | JP10: =COUNTIF(JD10:JO10,">=0.0") -> 0 | LN10: =IFERROR(ROWS($IL$8:IL10)," ") -> 3 | LO10: =IFERROR(IF([1]Checklist!$C$3='GenInfo (2)'!E10,'GenInfo (2)'!LN10," ")," ") -> 3 | LP10: =IFERROR(SMALL($LO$8:$LO$94,ROWS($IL$8:IL10))," ") -> 3 | LQ10: =IFERROR(ROWS($IL$8:IL10)," ") -> 3 | LR10: =IFERROR(IF([1]Checklist!$C$4='GenInfo (2)'!E10,'GenInfo (2)'!LQ10," ")," ") | LS10: =IFERROR(SMALL($LR$8:$LR$94,ROWS($IL$8:IL10))," ") -> 7 | LT10: =IFERROR(ROWS($IL$8:IL10)," ") -> 3 | LU10: =IFERROR(IF([1]Checklist!$C$5='GenInfo (2)'!E10,'GenInfo (2)'!LT10," ")," ") | LV10: =IFERROR(SMALL($LU$8:$LU$94,ROWS($IL$8:IL10))," ") | LW10: =IFERROR(ROWS($IL$8:IL10)," ") -> 3 | LX10: =IFERROR(IF([1]Checklist!$C$6='GenInfo (2)'!E10,'GenInfo (2)'!LW10," ")," ") | LY10: =IFERROR(SMALL($LX$8:$LX$94,ROWS($IL$8:IL10))," ") -> 12 | LZ10: =IFERROR(ROWS($IL$8:IL10)," ") -> 3 | MA10: =IFERROR(IF([1]Checklist!$C$7='GenInfo (2)'!E10,'GenInfo (2)'!LZ10," ")," ") | MB10: =IFERROR(SMALL($MA$8:$MA$94,ROWS($IL$8:IL10))," ") -> 15 | MC10: =IFERROR(ROWS($IL$8:IL10)," ") -> 3 | MD10: =IFERROR(IF([1]Checklist!$C$8='GenInfo (2)'!E10,'GenInfo (2)'!MC10," ")," ") | ME10: =IFERROR(SMALL($MD$8:$MD$94,ROWS($IL$8:IL10))," ") | MF10: =IFERROR(ROWS($IL$8:IL10)," ") -> 3 | MG10: =IFERROR(IF([1]Checklist!$C$9='GenInfo (2)'!E10,'GenInfo (2)'!MF10," ")," ") | MH10: =IFERROR(SMALL($MG$8:$MG$94,ROWS($IL$8:IL10))," ") -> 20 | MI10: =IFERROR(ROWS($IL$8:$IL10)," ") -> 3 | MJ10: =IFERROR(IF([1]Checklist!$C$10='GenInfo (2)'!E10,'GenInfo (2)'!MI10," ")," ") | MK10: =IFERROR(SMALL($MJ$8:$MJ$94,ROWS($IL$8:IL10))," ") | ML10: =IFERROR(ROWS($IL$8:IL10)," ") -> 3 | MM10: =IFERROR(IF([1]Checklist!$C$11='GenInfo (2)'!E10,'GenInfo (2)'!ML10," ")," ") | MN10: =IFERROR(SMALL($MM$8:$MM$94,ROWS($IL$8:IL10))," ") -> 25 | MO10: =IFERROR(ROWS($IL$8:IL10)," ") -> 3 | MP10: =IFERROR(IF([1]Checklist!$C$12='GenInfo (2)'!E10,'GenInfo (2)'!MO10," ")," ") | MQ10: =IFERROR(SMALL($MP$8:$MP$94,ROWS($IL$8:IL10))," ") | MR10: =IFERROR(ROWS($IL$8:IL10)," ") -> 3 | MS10: =IFERROR(IF([1]Checklist!$C$13='GenInfo (2)'!E10,'GenInfo (2)'!MR10," ")," ") | MT10: =IFERROR(SMALL($MS$8:$MS$94,ROWS($IL$8:IL10))," ") -> 29 | MU10: =IFERROR(ROWS($IL$8:IL10)," ") -> 3 | MV10: =IFERROR(IF([1]Checklist!$C$14='GenInfo (2)'!E10,'GenInfo (2)'!MU10," ")," ") | MW10: =IFERROR(SMALL($MV$8:$MV$94,ROWS($IL$8:IL10))," ") -> 33 | MX10: =IFERROR(ROWS($IL$8:IL10)," ") -> 3 | MY10: =IFERROR(IF([1]Checklist!$C$15='GenInfo (2)'!E10,'GenInfo (2)'!MX10," ")," ") | MZ10: =IFERROR(SMALL($MY$8:$MY$94,ROWS($IL$8:IL10))," ") -> 36 | NA10: =IFERROR(ROWS($IL$8:IL10)," ") -> 3 | NB10: =IFERROR(IF([1]Checklist!$C$16='GenInfo (2)'!E10,'GenInfo (2)'!NA10," ")," ") | NC10: =IFERROR(SMALL($NB$8:$NB$94,ROWS($IL$8:IL10))," ") -> 44 | ND10: =IFERROR(ROWS($IL$8:IL10)," ") -> 3 | NE10: =IFERROR(IF([1]Checklist!$C$17='GenInfo (2)'!E10,'GenInfo (2)'!ND10," ")," ") | NF10: =IFERROR(SMALL($NE$8:$NE$94,ROWS($IL$8:IL10))," ") -> 48
A11: x | B11: 20 | C11: Sample03 | D11: Student03 | E11: Antonia Pantoja Hs | F11: Y5686785 | G11: Referral not accepted by school | I11: SSample03@asn.com | J11: 773-555-0003 | L11: 43804 | M11: 43804 | N11: x | O11: Dec-20 EXT | R11: Not accepted | S11: 43874 | AB11: Darnise Horne | AC11: 708-747-2655 | AD11: dahorne@nyap.org | AE11: NYAP | AF11: 4747 Lincoln Mall Dr. | AG11: Suite 101 | AH11: Matteson | AI11: IL | AJ11: 60443 | AL11: =IFERROR(DATEDIF(AN11,V11,"y"),"") | AM11: =IFERROR(DATEDIF($AN11,TODAY(),"y"),"") -> 19 | AN11: 37618 | AO11: =IFERROR(DATEDIF(TODAY(),EDATE(AN11,(12*21)),"m"),"") -> 23 | AP11: F | AQ11: African American | AR11: Home of relative | AS11: 0 | AT11: 240 | AU11: 14 | AV11: 3 | AW11: 30 | AX11: Freshman | AY11: Unk | AZ11: No | BA11: No | BE11: =IFERROR(COUNTIF(CI11,">0")+COUNTIF(CS11,">0")+COUNTIF(DC11,">0")+COUNTIF(DM11,">0")+COUNTIF(DW11,">0")+COUNTIF(EG11,">0")," ") -> 0 | BF11: =IFERROR(COUNTIF(CJ11,">0")+COUNTIF(CT11,">0")+COUNTIF(DD11,">0")+COUNTIF(DN11,">0")+COUNTIF(DX11,">0")+COUNTIF(EH11,">0")," ") -> 0 | BG11: =IFERROR(COUNTIF(CK11,"<49.5%")+COUNTIF(CU11,"<49.5%")+COUNTIF(DE11,"<49.5%")+COUNTIF(DO11,"<49.5%")+COUNTIF(DY11,"<49.5%")+COUNTIF(EI11,"<49.5%")," ") -> 0 | BH11: =IFERROR(AVERAGE(CK11,CU11,DE11,DO11,DY11,EI11)," ") | BI11: =IFERROR(BG11/BE11," ") | BJ11: =IFERROR(COUNTIF(CN11,">0")+COUNTIF(CW11,">0")+COUNTIF(DH11,">0")+COUNTIF(DR11,">0")+COUNTIF(EB11,">0")+COUNTIF(EL11,">0")," ") -> 0 | BK11: =IFERROR(BJ11/BE11," ") | BL11: =IFERROR(SUM(BV11,CD11,CN11,CW11,DH11,DR11,EB11,EL11),"") -> 0 | BM11: =IFERROR(SUM(BW11,CE11,CO11,CX11,DI11,DS11,EC11,EM11),"") -> 0 | BS11: =IFERROR(BR11/BQ11," ") | BT11: 0 | BU11: 0 | BV11: 0 | BW11: 0 | CC11: =IFERROR(CB11/CA11," ") | CD11: 0 | CE11: 0 | CK11: =IFERROR(CJ11/CI11," ") | CL11: 0 | CM11: 0 | CN11: 0 | CO11: 0 | CU11: =IFERROR(CT11/CS11," ") | CV11: 0 | CW11: 0 | CX11: 0 | CY11: 0 | DE11: =IFERROR(DD11/DC11," ") | DF11: 0 | DG11: 0 | DH11: 0 | DI11: 0 | DO11: =IFERROR(DN11/DM11," ") | DP11: 0 | DQ11: 0 | DR11: 0 | DS11: 0 | DY11: =IFERROR(DX11/DW11," ") | DZ11: 0 | EA11: 0 | EB11: 0 | EC11: 0 | EI11: =IFERROR(EH11/EG11," ") | EJ11: 0 | EK11: 0 | EL11: 0 | EM11: 0 | ES11: =IFERROR(ER11/EQ11," ") | ET11: 0 | EV11: 0 | EW11: 0 | FC11: =IFERROR(FB11/FA11," ") | FH11: =SUM(FD11:FG11) -> 0 | FN11: =IFERROR(FM11/FL11," ") | FS11: =SUM(FO11:FR11) -> 0 | FY11: =IFERROR(FX11/FW11," ") | GD11: =SUM(FZ11:GC11) -> 0 | GK11: =IFERROR(SUM(GH11:GJ11)," ") -> 0 | GN11: =IFERROR(SUM(GL11:GM11)," ") -> 0 | GO11: =IFERROR(GF11+GK11+GN11," ") | GQ11: x | GS11: x | GY11: =IFERROR(IF(IN11>0,"X",""),"") | GZ11: =IFERROR(IF(JC11>0,"X",""),"") | HL11: =IFERROR(IF(OR(IQ11>0,IR11>0,IS11>0),"x",""),"") | HM11: =IFERROR(IF(OR(IT11>0,IU11>0,IV11>0),"x",""),"") | HN11: =IFERROR(IF(OR(IW11>0,IX11>0,IY11>0,IZ11>0),"x",""),"") | HO11: =IFERROR(IF(OR(JE11>0,JF11>0,JG11>0,JH11>0),"x",""),"") | HP11: =IFERROR(IF(OR(JI11>0,JJ11>0,JK11>0),"x",""),"") | HQ11: =IFERROR(IF(OR(JL11>0,JM11>0,JN11>0,JO11>0),"x",""),"") | JA11: =COUNTIF(IO11:IZ11,">=0.0") -> 0 | JP11: =COUNTIF(JD11:JO11,">=0.0") -> 0 | LN11: =IFERROR(ROWS($IL$8:IL11)," ") -> 4 | LO11: =IFERROR(IF([1]Checklist!$C$3='GenInfo (2)'!E11,'GenInfo (2)'!LN11," ")," ") -> 4 | LP11: =IFERROR(SMALL($LO$8:$LO$94,ROWS($IL$8:IL11))," ") -> 4 | LQ11: =IFERROR(ROWS($IL$8:IL11)," ") -> 4 | LR11: =IFERROR(IF([1]Checklist!$C$4='GenInfo (2)'!E11,'GenInfo (2)'!LQ11," ")," ") | LS11: =IFERROR(SMALL($LR$8:$LR$94,ROWS($IL$8:IL11))," ") | LT11: =IFERROR(ROWS($IL$8:IL11)," ") -> 4 | LU11: =IFERROR(IF([1]Checklist!$C$5='GenInfo (2)'!E11,'GenInfo (2)'!LT11," ")," ") | LV11: =IFERROR(SMALL($LU$8:$LU$94,ROWS($IL$8:IL11))," ") | LW11: =IFERROR(ROWS($IL$8:IL11)," ") -> 4 | LX11: =IFERROR(IF([1]Checklist!$C$6='GenInfo (2)'!E11,'GenInfo (2)'!LW11," ")," ") | LY11: =IFERROR(SMALL($LX$8:$LX$94,ROWS($IL$8:IL11))," ") | LZ11: =IFERROR(ROWS($IL$8:IL11)," ") -> 4 | MA11: =IFERROR(IF([1]Checklist!$C$7='GenInfo (2)'!E11,'GenInfo (2)'!LZ11," ")," ") | MB11: =IFERROR(SMALL($MA$8:$MA$94,ROWS($IL$8:IL11))," ") -> 16 | MC11: =IFERROR(ROWS($IL$8:IL11)," ") -> 4 | MD11: =IFERROR(IF([1]Checklist!$C$8='GenInfo (2)'!E11,'GenInfo (2)'!MC11," ")," ") | ME11: =IFERROR(SMALL($MD$8:$MD$94,ROWS($IL$8:IL11))," ") | MF11: =IFERROR(ROWS($IL$8:IL11)," ") -> 4 | MG11: =IFERROR(IF([1]Checklist!$C$9='GenInfo (2)'!E11,'GenInfo (2)'!MF11," ")," ") | MH11: =IFERROR(SMALL($MG$8:$MG$94,ROWS($IL$8:IL11))," ") | MI11: =IFERROR(ROWS($IL$8:$IL11)," ") -> 4 | MJ11: =IFERROR(IF([1]Checklist!$C$10='GenInfo (2)'!E11,'GenInfo (2)'!MI11," ")," ") | MK11: =IFERROR(SMALL($MJ$8:$MJ$94,ROWS($IL$8:IL11))," ") | ML11: =IFERROR(ROWS($IL$8:IL11)," ") -> 4 | MM11: =IFERROR(IF([1]Checklist!$C$11='GenInfo (2)'!E11,'GenInfo (2)'!ML11," ")," ") | MN11: =IFERROR(SMALL($MM$8:$MM$94,ROWS($IL$8:IL11))," ") | MO11: =IFERROR(ROWS($IL$8:IL11)," ") -> 4 | MP11: =IFERROR(IF([1]Checklist!$C$12='GenInfo (2)'!E11,'GenInfo (2)'!MO11," ")," ") | MQ11: =IFERROR(SMALL($MP$8:$MP$94,ROWS($IL$8:IL11))," ") | MR11: =IFERROR(ROWS($IL$8:IL11)," ") -> 4 | MS11: =IFERROR(IF([1]Checklist!$C$13='GenInfo (2)'!E11,'GenInfo (2)'!MR11," ")," ") | MT11: =IFERROR(SMALL($MS$8:$MS$94,ROWS($IL$8:IL11))," ") -> 30 | MU11: =IFERROR(ROWS($IL$8:IL11)," ") -> 4 | MV11: =IFERROR(IF([1]Checklist!$C$14='GenInfo (2)'!E11,'GenInfo (2)'!MU11," ")," ") | MW11: =IFERROR(SMALL($MV$8:$MV$94,ROWS($IL$8:IL11))," ") | MX11: =IFERROR(ROWS($IL$8:IL11)," ") -> 4 | MY11: =IFERROR(IF([1]Checklist!$C$15='GenInfo (2)'!E11,'GenInfo (2)'!MX11," ")," ") | MZ11: =IFERROR(SMALL($MY$8:$MY$94,ROWS($IL$8:IL11))," ") -> 37 | NA11: =IFERROR(ROWS($IL$8:IL11)," ") -> 4 | NB11: =IFERROR(IF([1]Checklist!$C$16='GenInfo (2)'!E11,'GenInfo (2)'!NA11," ")," ") | NC11: =IFERROR(SMALL($NB$8:$NB$94,ROWS($IL$8:IL11))," ") -> 45 | ND11: =IFERROR(ROWS($IL$8:IL11)," ") -> 4 | NE11: =IFERROR(IF([1]Checklist!$C$17='GenInfo (2)'!E11,'GenInfo (2)'!ND11," ")," ") | NF11: =IFERROR(SMALL($NE$8:$NE$94,ROWS($IL$8:IL11))," ") -> 49
A12: x | B12: 27 | C12: Sample04 | D12: Student04 | E12: Asn Preparatory Institute | F12: T6798567 | G12: Enrolled | I12: SSample04@asn.com | J12: 773-555-0004 | V12: 43509 | W12: Current | AB12: Hope King-Stapleton | AC12: (773) 981-0536 | AE12: UCAN | AF12: 13700 S Indiana | AH12: Riverdale | AI12: IL | AJ12: 60827 | AL12: =IFERROR(DATEDIF(AN12,V12,"y"),"") -> 18 | AM12: =IFERROR(DATEDIF($AN12,TODAY(),"y"),"") -> 21 | AN12: 36572 | AO12: =IFERROR(DATEDIF(TODAY(),EDATE(AN12,(12*21)),"m"),"") | AP12: F | AQ12: African American | AR12: TLP | AX12: GED | AY12: No | AZ12: Yes | BA12: Yes | BE12: =IFERROR(COUNTIF(CI12,">0")+COUNTIF(CS12,">0")+COUNTIF(DC12,">0")+COUNTIF(DM12,">0")+COUNTIF(DW12,">0")+COUNTIF(EG12,">0")," ") -> 6 | BF12: =IFERROR(COUNTIF(CJ12,">0")+COUNTIF(CT12,">0")+COUNTIF(DD12,">0")+COUNTIF(DN12,">0")+COUNTIF(DX12,">0")+COUNTIF(EH12,">0")," ") -> 4 | BG12: =IFERROR(COUNTIF(CK12,"<49.5%")+COUNTIF(CU12,"<49.5%")+COUNTIF(DE12,"<49.5%")+COUNTIF(DO12,"<49.5%")+COUNTIF(DY12,"<49.5%")+COUNTIF(EI12,"<49.5%")," ") -> 2 | BH12: =IFERROR(AVERAGE(CK12,CU12,DE12,DO12,DY12,EI12)," ") -> 0.60416667 | BI12: =IFERROR(BG12/BE12," ") -> 0.33333333 | BJ12: =IFERROR(COUNTIF(CN12,">0")+COUNTIF(CW12,">0")+COUNTIF(DH12,">0")+COUNTIF(DR12,">0")+COUNTIF(EB12,">0")+COUNTIF(EL12,">0")," ") -> 4 | BK12: =IFERROR(BJ12/BE12," ") -> 0.66666667 | BL12: =IFERROR(SUM(BV12,CD12,CN12,CW12,DH12,DR12,EB12,EL12),"") -> 48 | BM12: =IFERROR(SUM(BW12,CE12,CO12,CX12,DI12,DS12,EC12,EM12),"") -> 288 | BQ12: 4 | BR12: 3 | BS12: =IFERROR(BR12/BQ12," ") -> 0.75 | BT12: 0 | BU12: 0 | BV12: 0 | BW12: 0 | CA12: 7 | CB12: 1 | CC12: =IFERROR(CB12/CA12," ") -> 0.14285714 | CD12: 0 | CE12: 0 | CI12: 8 | CJ12: 0 | CK12: =IFERROR(CJ12/CI12," ") -> 0 | CL12: 0 | CM12: 0 | CN12: 0 | CO12: 0 | CS12: 13 | CT12: 0 | CU12: =IFERROR(CT12/CS12," ") -> 0 | CV12: 0 | CW12: 0 | CX12: 0 | CY12: 0 | DC12: 3 | DD12: 3 | DE12: =IFERROR(DD12/DC12," ") -> 1 | DF12: 0 | DG12: 6 | DH12: 6 | DI12: 36 | DM12: 8 | DN12: 5 | DO12: =IFERROR(DN12/DM12," ") -> 0.625 | DP12: 3 | DQ12: 2 | DR12: 5 | DS12: 30 | DW12: 12 | DX12: 12 | DY12: =IFERROR(DX12/DW12," ") -> 1 | DZ12: 10 | EA12: 13 | EB12: 23 | EC12: 138 | EG12: 6 | EH12: 6 | EI12: =IFERROR(EH12/EG12," ") -> 1 | EJ12: 12 | EK12: 2 | EL12: 14 | EM12: 84 | EQ12: 9 | ER12: 9 | ES12: =IFERROR(ER12/EQ12," ") -> 1 | ET12: 16 | EV12: 16 | EW12: 96 | FC12: =IFERROR(FB12/FA12," ") | FH12: =SUM(FD12:FG12) -> 0 | FN12: =IFERROR(FM12/FL12," ") | FS12: =SUM(FO12:FR12) -> 0 | FY12: =IFERROR(FX12/FW12," ") | GD12: =SUM(FZ12:GC12) -> 0 | GG12: GED | GK12: =IFERROR(SUM(GH12:GJ12)," ") -> 0 | GN12: =IFERROR(SUM(GL12:GM12)," ") -> 0 | GO12: =IFERROR(GF12+GK12+GN12," ") -> 0 | GQ12: x | GR12: x | GS12: x | GT12: x | GU12: x | GV12: x | GW12: x | GX12: no | GY12: =IFERROR(IF(IN12>0,"X",""),"") -> X | GZ12: =IFERROR(IF(JC12>0,"X",""),"") -> X | HA12: GED | HB12: GED | HG12: x | HH12: 2 | HI12: 0 | HJ12: 0 | HK12: 0 | HL12: =IFERROR(IF(OR(IQ12>0,IR12>0,IS12>0),"x",""),"") -> x | HM12: =IFERROR(IF(OR(IT12>0,IU12>0,IV12>0),"x",""),"") | HN12: n/a | HO12: =IFERROR(IF(OR(JE12>0,JF12>0,JG12>0,JH12>0),"x",""),"") -> x | HP12: =IFERROR(IF(OR(JI12>0,JJ12>0,JK12>0),"x",""),"") | HQ12: n/a | HR12: GED | HS12: GED | HT12: GED | HU12: GED | HV12: GED | HX12: GED | HY12: GED | HZ12: x | IA12: x | IC12: x | ID12: 19/20 | IE12: x | IF12: x | IG12: x | IH12: x | II12: x | IJ12: x | IK12: x | IL12: x | IN12: 9.6 | IS12: 12 | JA12: =COUNTIF(IO12:IZ12,">=0.0") -> 1 | JC12: 9.5 | JH12: 10 | JP12: =COUNTIF(JD12:JO12,">=0.0") -> 1 | LN12: =IFERROR(ROWS($IL$8:IL12)," ") -> 5 | LO12: =IFERROR(IF([1]Checklist!$C$3='GenInfo (2)'!E12,'GenInfo (2)'!LN12," ")," ") | LP12: =IFERROR(SMALL($LO$8:$LO$94,ROWS($IL$8:IL12))," ") | LQ12: =IFERROR(ROWS($IL$8:IL12)," ") -> 5 | LR12: =IFERROR(IF([1]Checklist!$C$4='GenInfo (2)'!E12,'GenInfo (2)'!LQ12," ")," ") -> 5 | LS12: =IFERROR(SMALL($LR$8:$LR$94,ROWS($IL$8:IL12))," ") | LT12: =IFERROR(ROWS($IL$8:IL12)," ") -> 5 | LU12: =IFERROR(IF([1]Checklist!$C$5='GenInfo (2)'!E12,'GenInfo (2)'!LT12," ")," ") | LV12: =IFERROR(SMALL($LU$8:$LU$94,ROWS($IL$8:IL12))," ") | LW12: =IFERROR(ROWS($IL$8:IL12)," ") -> 5 | LX12: =IFERROR(IF([1]Checklist!$C$6='GenInfo (2)'!E12,'GenInfo (2)'!LW12," ")," ") | LY12: =IFERROR(SMALL($LX$8:$LX$94,ROWS($IL$8:IL12))," ") | LZ12: =IFERROR(ROWS($IL$8:IL12)," ") -> 5 | MA12: =IFERROR(IF([1]Checklist!$C$7='GenInfo (2)'!E12,'GenInfo (2)'!LZ12," ")," ") | MB12: =IFERROR(SMALL($MA$8:$MA$94,ROWS($IL$8:IL12))," ") | MC12: =IFERROR(ROWS($IL$8:IL12)," ") -> 5 | MD12: =IFERROR(IF([1]Checklist!$C$8='GenInfo (2)'!E12,'GenInfo (2)'!MC12," ")," ") | ME12: =IFERROR(SMALL($MD$8:$MD$94,ROWS($IL$8:IL12))," ") | MF12: =IFERROR(ROWS($IL$8:IL12)," ") -> 5 | MG12: =IFERROR(IF([1]Checklist!$C$9='GenInfo (2)'!E12,'GenInfo (2)'!MF12," ")," ") | MH12: =IFERROR(SMALL($MG$8:$MG$94,ROWS($IL$8:IL12))," ") | MI12: =IFERROR(ROWS($IL$8:$IL12)," ") -> 5 | MJ12: =IFERROR(IF([1]Checklist!$C$10='GenInfo (2)'!E12,'GenInfo (2)'!MI12," ")," ") | MK12: =IFERROR(SMALL($MJ$8:$MJ$94,ROWS($IL$8:IL12))," ") | ML12: =IFERROR(ROWS($IL$8:IL12)," ") -> 5 | MM12: =IFERROR(IF([1]Checklist!$C$11='GenInfo (2)'!E12,'GenInfo (2)'!ML12," ")," ") | MN12: =IFERROR(SMALL($MM$8:$MM$94,ROWS($IL$8:IL12))," ") | MO12: =IFERROR(ROWS($IL$8:IL12)," ") -> 5 | MP12: =IFERROR(IF([1]Checklist!$C$12='GenInfo (2)'!E12,'GenInfo (2)'!MO12," ")," ") | MQ12: =IFERROR(SMALL($MP$8:$MP$94,ROWS($IL$8:IL12))," ") | MR12: =IFERROR(ROWS($IL$8:IL12)," ") -> 5 | MS12: =IFERROR(IF([1]Checklist!$C$13='GenInfo (2)'!E12,'GenInfo (2)'!MR12," ")," ") | MT12: =IFERROR(SMALL($MS$8:$MS$94,ROWS($IL$8:IL12))," ") | MU12: =IFERROR(ROWS($IL$8:IL12)," ") -> 5 | MV12: =IFERROR(IF([1]Checklist!$C$14='GenInfo (2)'!E12,'GenInfo (2)'!MU12," ")," ") | MW12: =IFERROR(SMALL($MV$8:$MV$94,ROWS($IL$8:IL12))," ") | MX12: =IFERROR(ROWS($IL$8:IL12)," ") -> 5 | MY12: =IFERROR(IF([1]Checklist!$C$15='GenInfo (2)'!E12,'GenInfo (2)'!MX12," ")," ") | MZ12: =IFERROR(SMALL($MY$8:$MY$94,ROWS($IL$8:IL12))," ") -> 38 | NA12: =IFERROR(ROWS($IL$8:IL12)," ") -> 5 | NB12: =IFERROR(IF([1]Checklist!$C$16='GenInfo (2)'!E12,'GenInfo (2)'!NA12," ")," ") | NC12: =IFERROR(SMALL($NB$8:$NB$94,ROWS($IL$8:IL12))," ") | ND12: =IFERROR(ROWS($IL$8:IL12)," ") -> 5 | NE12: =IFERROR(IF([1]Checklist!$C$17='GenInfo (2)'!E12,'GenInfo (2)'!ND12," ")," ") | NF12: =IFERROR(SMALL($NE$8:$NE$94,ROWS($IL$8:IL12))," ") -> 50
A13: x | B13: 28 | C13: Sample05 | D13: Student05 | E13: Asn Preparatory Institute | F13: U6678589 | G13: Discharged | I13: SSample05@asn.com | J13: 773-555-0005 | L13: 43732 | M13: 43781 | N13: x | O13: 43770 | P13: 43781 | R13: Accepted | V13: 43796 | W13: 43866 | X13: Emancipated | AB13: Paula Grrison | AC13: (708) 668-0760 | AD13: paula.garrison@thresholds.org | AE13: Thresholds Mother's Project | AF13: 1110 W Belmont | AH13: Chicago | AI13: IL | AJ13: 60657 | AL13: =IFERROR(DATEDIF(AN13,V13,"y"),"") -> 20 | AM13: =IFERROR(DATEDIF($AN13,TODAY(),"y"),"") -> 23 | AN13: 36159 | AO13: =IFERROR(DATEDIF(TODAY(),EDATE(AN13,(12*21)),"m"),"") | AP13: F | AQ13: African American | AR13: TLP | AS13: Unk | AT13: Unk | AU13: 3 | AV13: 5 | AW13: 548 | AX13: GED | AY13: Yes | AZ13: Yes | BA13: Yes | BC13: 1 | BE13: =IFERROR(COUNTIF(CI13,">0")+COUNTIF(CS13,">0")+COUNTIF(DC13,">0")+COUNTIF(DM13,">0")+COUNTIF(DW13,">0")+COUNTIF(EG13,">0")," ") -> 2 | BF13: =IFERROR(COUNTIF(CJ13,">0")+COUNTIF(CT13,">0")+COUNTIF(DD13,">0")+COUNTIF(DN13,">0")+COUNTIF(DX13,">0")+COUNTIF(EH13,">0")," ") -> 1 | BG13: =IFERROR(COUNTIF(CK13,"<49.5%")+COUNTIF(CU13,"<49.5%")+COUNTIF(DE13,"<49.5%")+COUNTIF(DO13,"<49.5%")+COUNTIF(DY13,"<49.5%")+COUNTIF(EI13,"<49.5%")," ") -> 1 | BH13: =IFERROR(AVERAGE(CK13,CU13,DE13,DO13,DY13,EI13)," ") -> 0.5 | BI13: =IFERROR(BG13/BE13," ") -> 0.5 | BJ13: =IFERROR(COUNTIF(CN13,">0")+COUNTIF(CW13,">0")+COUNTIF(DH13,">0")+COUNTIF(DR13,">0")+COUNTIF(EB13,">0")+COUNTIF(EL13,">0")," ") -> 0 | BK13: =IFERROR(BJ13/BE13," ") -> 0 | BL13: =IFERROR(SUM(BV13,CD13,CN13,CW13,DH13,DR13,EB13,EL13),"") -> 0 | BM13: =IFERROR(SUM(BW13,CE13,CO13,CX13,DI13,DS13,EC13,EM13),"") -> 0 | BS13: =IFERROR(BR13/BQ13," ") | BT13: 0 | BU13: 0 | BV13: 0 | BW13: 0 | CC13: =IFERROR(CB13/CA13," ") | CD13: 0 | CE13: 0 | CK13: =IFERROR(CJ13/CI13," ") | CL13: 0 | CM13: 0 | CN13: 0 | CO13: 0 | CU13: =IFERROR(CT13/CS13," ") | CV13: 0 | CW13: 0 | CX13: 0 | CY13: 0 | DC13: 2 | DD13: 2 | DE13: =IFERROR(DD13/DC13," ") -> 1 | DF13: 0 | DG13: 0 | DH13: 0 | DI13: 0 | DO13: =IFERROR(DN13/DM13," ") | DP13: 0 | DQ13: 0 | DR13: 0 | DS13: 0 | DW13: 8 | DX13: 0 | DY13: =IFERROR(DX13/DW13," ") -> 0 | DZ13: 0 | EA13: 0 | EB13: 0 | EC13: 0 | EI13: =IFERROR(EH13/EG13," ") | EJ13: 0 | EK13: 0 | EL13: 0 | EM13: 0 | ES13: =IFERROR(ER13/EQ13," ") | ET13: 0 | EV13: 0 | EW13: 0 | FC13: =IFERROR(FB13/FA13," ") | FH13: =SUM(FD13:FG13) -> 0 | FN13: =IFERROR(FM13/FL13," ") | FS13: =SUM(FO13:FR13) -> 0 | FY13: =IFERROR(FX13/FW13," ") | GD13: =SUM(FZ13:GC13) -> 0 | GG13: GED | GK13: =IFERROR(SUM(GH13:GJ13)," ") -> 0 | GN13: =IFERROR(SUM(GL13:GM13)," ") -> 0 | GO13: =IFERROR(GF13+GK13+GN13," ") | GQ13: x | GR13: x | GS13: x | GT13: x | GU13: x | GV13: x | GW13: x | GX13: x | GY13: =IFERROR(IF(IN13>0,"X",""),"") -> X | GZ13: =IFERROR(IF(JC13>0,"X",""),"") -> X | HA13: GED | HB13: GED | HC13: x | HD13: x | HE13: m | HF13: m | HG13: x | HL13: n/a | HM13: =IFERROR(IF(OR(IT13>0,IU13>0,IV13>0),"x",""),"") -> x | HN13: =IFERROR(IF(OR(IW13>0,IX13>0,IY13>0,IZ13>0),"x",""),"") | HO13: n/a | HP13: =IFERROR(IF(OR(JI13>0,JJ13>0,JK13>0),"x",""),"") -> x | HQ13: =IFERROR(IF(OR(JL13>0,JM13>0,JN13>0,JO13>0),"x",""),"") | HR13: GED | HS13: GED | HT13: GED | HU13: GED | HV13: GED | HX13: GED | HY13: GED | IC13: x | IN13: 4.2 | IT13: 4.2 | JA13: =COUNTIF(IO13:IZ13,">=0.0") -> 1 | JC13: 7.6 | JI13: 7.6 | JP13: =COUNTIF(JD13:JO13,">=0.0") -> 1 | LN13: =IFERROR(ROWS($IL$8:IL13)," ") -> 6 | LO13: =IFERROR(IF([1]Checklist!$C$3='GenInfo (2)'!E13,'GenInfo (2)'!LN13," ")," ") | LP13: =IFERROR(SMALL($LO$8:$LO$94,ROWS($IL$8:IL13))," ") | LQ13: =IFERROR(ROWS($IL$8:IL13)," ") -> 6 | LR13: =IFERROR(IF([1]Checklist!$C$4='GenInfo (2)'!E13,'GenInfo (2)'!LQ13," ")," ") -> 6 | LS13: =IFERROR(SMALL($LR$8:$LR$94,ROWS($IL$8:IL13))," ") | LT13: =IFERROR(ROWS($IL$8:IL13)," ") -> 6 | LU13: =IFERROR(IF([1]Checklist!$C$5='GenInfo (2)'!E13,'GenInfo (2)'!LT13," ")," ") | LV13: =IFERROR(SMALL($LU$8:$LU$94,ROWS($IL$8:IL13))," ") | LW13: =IFERROR(ROWS($IL$8:IL13)," ") -> 6 | LX13: =IFERROR(IF([1]Checklist!$C$6='GenInfo (2)'!E13,'GenInfo (2)'!LW13," ")," ") | LY13: =IFERROR(SMALL($LX$8:$LX$94,ROWS($IL$8:IL13))," ") | LZ13: =IFERROR(ROWS($IL$8:IL13)," ") -> 6 | MA13: =IFERROR(IF([1]Checklist!$C$7='GenInfo (2)'!E13,'GenInfo (2)'!LZ13," ")," ") | MB13: =IFERROR(SMALL($MA$8:$MA$94,ROWS($IL$8:IL13))," ") | MC13: =IFERROR(ROWS($IL$8:IL13)," ") -> 6 | MD13: =IFERROR(IF([1]Checklist!$C$8='GenInfo (2)'!E13,'GenInfo (2)'!MC13," ")," ") | ME13: =IFERROR(SMALL($MD$8:$MD$94,ROWS($IL$8:IL13))," ") | MF13: =IFERROR(ROWS($IL$8:IL13)," ") -> 6 | MG13: =IFERROR(IF([1]Checklist!$C$9='GenInfo (2)'!E13,'GenInfo (2)'!MF13," ")," ") | MH13: =IFERROR(SMALL($MG$8:$MG$94,ROWS($IL$8:IL13))," ") | MI13: =IFERROR(ROWS($IL$8:$IL13)," ") -> 6 | MJ13: =IFERROR(IF([1]Checklist!$C$10='GenInfo (2)'!E13,'GenInfo (2)'!MI13," ")," ") | MK13: =IFERROR(SMALL($MJ$8:$MJ$94,ROWS($IL$8:IL13))," ") | ML13: =IFERROR(ROWS($IL$8:IL13)," ") -> 6 | MM13: =IFERROR(IF([1]Checklist!$C$11='GenInfo (2)'!E13,'GenInfo (2)'!ML13," ")," ") | MN13: =IFERROR(SMALL($MM$8:$MM$94,ROWS($IL$8:IL13))," ") | MO13: =IFERROR(ROWS($IL$8:IL13)," ") -> 6 | MP13: =IFERROR(IF([1]Checklist!$C$12='GenInfo (2)'!E13,'GenInfo (2)'!MO13," ")," ") | MQ13: =IFERROR(SMALL($MP$8:$MP$94,ROWS($IL$8:IL13))," ") | MR13: =IFERROR(ROWS($IL$8:IL13)," ") -> 6 | MS13: =IFERROR(IF([1]Checklist!$C$13='GenInfo (2)'!E13,'GenInfo (2)'!MR13," ")," ") | MT13: =IFERROR(SMALL($MS$8:$MS$94,ROWS($IL$8:IL13))," ") | MU13: =IFERROR(ROWS($IL$8:IL13)," ") -> 6 | MV13: =IFERROR(IF([1]Checklist!$C$14='GenInfo (2)'!E13,'GenInfo (2)'!MU13," ")," ") | MW13: =IFERROR(SMALL($MV$8:$MV$94,ROWS($IL$8:IL13))," ") | MX13: =IFERROR(ROWS($IL$8:IL13)," ") -> 6 | MY13: =IFERROR(IF([1]Checklist!$C$15='GenInfo (2)'!E13,'GenInfo (2)'!MX13," ")," ") | MZ13: =IFERROR(SMALL($MY$8:$MY$94,ROWS($IL$8:IL13))," ") -> 39 | NA13: =IFERROR(ROWS($IL$8:IL13)," ") -> 6 | NB13: =IFERROR(IF([1]Checklist!$C$16='GenInfo (2)'!E13,'GenInfo (2)'!NA13," ")," ") | NC13: =IFERROR(SMALL($NB$8:$NB$94,ROWS($IL$8:IL13))," ") | ND13: =IFERROR(ROWS($IL$8:IL13)," ") -> 6 | NE13: =IFERROR(IF([1]Checklist!$C$17='GenInfo (2)'!E13,'GenInfo (2)'!ND13," ")," ") | NF13: =IFERROR(SMALL($NE$8:$NE$94,ROWS($IL$8:IL13))," ")
A14: x | B14: 45 | C14: Sample06 | D14: Student06 | E14: Asn Preparatory Institute | F14: Z5558985 | G14: Enrolled | I14: SSample06@asn.com | J14: 773-555-0006 | L14: 43888 | M14: 43889 | O14: 43891 | V14: 43921 | W14: Current | AB14: Michael Johnson | AC14: 773-429-9373 | AD14: michael.johnson@ucanchicago.org | AE14: UCAN | AF14: 10046 S. Western | AH14: Chicago | AI14: IL | AJ14: 60643 | AL14: =IFERROR(DATEDIF(AN14,V14,"y"),"") -> 18 | AM14: =IFERROR(DATEDIF($AN14,TODAY(),"y"),"") -> 20 | AN14: 37187 | AO14: =IFERROR(DATEDIF(TODAY(),EDATE(AN14,(12*21)),"m"),"") -> 8 | AP14: M | AQ14: African American | AR14: Foster home | AT14: 150 | AU14: 10 | AV14: 8 | AW14: 730 | AX14: GED | AY14: Yes | AZ14: No | BA14: No | BE14: =IFERROR(COUNTIF(CI14,">0")+COUNTIF(CS14,">0")+COUNTIF(DC14,">0")+COUNTIF(DM14,">0")+COUNTIF(DW14,">0")+COUNTIF(EG14,">0")," ") -> 0 | BF14: =IFERROR(COUNTIF(CJ14,">0")+COUNTIF(CT14,">0")+COUNTIF(DD14,">0")+COUNTIF(DN14,">0")+COUNTIF(DX14,">0")+COUNTIF(EH14,">0")," ") -> 0 | BG14: =IFERROR(COUNTIF(CK14,"<49.5%")+COUNTIF(CU14,"<49.5%")+COUNTIF(DE14,"<49.5%")+COUNTIF(DO14,"<49.5%")+COUNTIF(DY14,"<49.5%")+COUNTIF(EI14,"<49.5%")," ") -> 0 | BH14: =IFERROR(AVERAGE(CK14,CU14,DE14,DO14,DY14,EI14)," ") | BI14: =IFERROR(BG14/BE14," ") | BJ14: =IFERROR(COUNTIF(CN14,">0")+COUNTIF(CW14,">0")+COUNTIF(DH14,">0")+COUNTIF(DR14,">0")+COUNTIF(EB14,">0")+COUNTIF(EL14,">0")," ") -> 0 | BK14: =IFERROR(BJ14/BE14," ") | BL14: =IFERROR(SUM(BV14,CD14,CN14,CW14,DH14,DR14,EB14,EL14),"") -> 0 | BM14: =IFERROR(SUM(BW14,CE14,CO14,CX14,DI14,DS14,EC14,EM14),"") -> 0 | BS14: =IFERROR(BR14/BQ14," ") | BV14: 0 | BW14: 0 | CC14: =IFERROR(CB14/CA14," ") | CE14: 0 | CK14: =IFERROR(CJ14/CI14," ") | CO14: 0 | CU14: =IFERROR(CT14/CS14," ") | CY14: 0 | DE14: =IFERROR(DD14/DC14," ") | DI14: 0 | DO14: =IFERROR(DN14/DM14," ") | DS14: 0 | DY14: =IFERROR(DX14/DW14," ") | DZ14: 0 | EA14: 0 | EB14: 0 | EC14: 0 | EI14: =IFERROR(EH14/EG14," ") | EJ14: 0 | EK14: 0 | EL14: 0 | EM14: 0 | EQ14: 13 | ER14: 13 | ES14: =IFERROR(ER14/EQ14," ") -> 1 | ET14: 0 | EV14: 0 | EW14: 0 | FC14: =IFERROR(FB14/FA14," ") | FH14: =SUM(FD14:FG14) -> 0 | FN14: =IFERROR(FM14/FL14," ") | FS14: =SUM(FO14:FR14) -> 0 | FY14: =IFERROR(FX14/FW14," ") | GD14: =SUM(FZ14:GC14) -> 0 | GG14: GED | GK14: =IFERROR(SUM(GH14:GJ14)," ") -> 0 | GN14: =IFERROR(SUM(GL14:GM14)," ") -> 0 | GO14: =IFERROR(GF14+GK14+GN14," ") | GQ14: x | GR14: x | GS14: x | GT14: x | GU14: x | GV14: x | GW14: x | GX14: x | GY14: n/a | GZ14: n/a | HA14: GED | HB14: GED | HG14: x | HL14: =IFERROR(IF(OR(IQ14>0,IR14>0,IS14>0),"x",""),"") | HM14: =IFERROR(IF(OR(IT14>0,IU14>0,IV14>0),"x",""),"") | HN14: n/a | HO14: =IFERROR(IF(OR(JE14>0,JF14>0,JG14>0,JH14>0),"x",""),"") | HP14: =IFERROR(IF(OR(JI14>0,JJ14>0,JK14>0),"x",""),"") | HQ14: n/a | HS14: GED | HT14: GED | HU14: GED | HV14: GED | HX14: GED | HY14: GED | IC14: x | JA14: =COUNTIF(IO14:IZ14,">=0.0") -> 0 | JP14: =COUNTIF(JD14:JO14,">=0.0") -> 0 | JQ14: =JJ14-JI14 -> 0 | LN14: =IFERROR(ROWS($IL$8:IL14)," ") -> 7 | LO14: =IFERROR(IF([1]Checklist!$C$3='GenInfo (2)'!E14,'GenInfo (2)'!LN14," ")," ") | LP14: =IFERROR(SMALL($LO$8:$LO$94,ROWS($IL$8:IL14))," ") | LQ14: =IFERROR(ROWS($IL$8:IL14)," ") -> 7 | LR14: =IFERROR(IF([1]Checklist!$C$4='GenInfo (2)'!E14,'GenInfo (2)'!LQ14," ")," ") -> 7 | LS14: =IFERROR(SMALL($LR$8:$LR$94,ROWS($IL$8:IL14))," ") | LT14: =IFERROR(ROWS($IL$8:IL14)," ") -> 7 | LU14: =IFERROR(IF([1]Checklist!$C$5='GenInfo (2)'!E14,'GenInfo (2)'!LT14," ")," ") | LV14: =IFERROR(SMALL($LU$8:$LU$94,ROWS($IL$8:IL14))," ") | LW14: =IFERROR(ROWS($IL$8:IL14)," ") -> 7 | LX14: =IFERROR(IF([1]Checklist!$C$6='GenInfo (2)'!E14,'GenInfo (2)'!LW14," ")," ") | LY14: =IFERROR(SMALL($LX$8:$LX$94,ROWS($IL$8:IL14))," ") | LZ14: =IFERROR(ROWS($IL$8:IL14)," ") -> 7 | MA14: =IFERROR(IF([1]Checklist!$C$7='GenInfo (2)'!E14,'GenInfo (2)'!LZ14," ")," ") | MB14: =IFERROR(SMALL($MA$8:$MA$94,ROWS($IL$8:IL14))," ") | MC14: =IFERROR(ROWS($IL$8:IL14)," ") -> 7 | MD14: =IFERROR(IF([1]Checklist!$C$8='GenInfo (2)'!E14,'GenInfo (2)'!MC14," ")," ") | ME14: =IFERROR(SMALL($MD$8:$MD$94,ROWS($IL$8:IL14))," ") | MF14: =IFERROR(ROWS($IL$8:IL14)," ") -> 7 | MG14: =IFERROR(IF([1]Checklist!$C$9='GenInfo (2)'!E14,'GenInfo (2)'!MF14," ")," ") | MH14: =IFERROR(SMALL($MG$8:$MG$94,ROWS($IL$8:IL14))," ") | MI14: =IFERROR(ROWS($IL$8:$IL14)," ") -> 7 | MJ14: =IFERROR(IF([1]Checklist!$C$10='GenInfo (2)'!E14,'GenInfo (2)'!MI14," ")," ") | MK14: =IFERROR(SMALL($MJ$8:$MJ$94,ROWS($IL$8:IL14))," ") | ML14: =IFERROR(ROWS($IL$8:IL14)," ") -> 7 | MM14: =IFERROR(IF([1]Checklist!$C$11='GenInfo (2)'!E14,'GenInfo (2)'!ML14," ")," ") | MN14: =IFERROR(SMALL($MM$8:$MM$94,ROWS($IL$8:IL14))," ") | MO14: =IFERROR(ROWS($IL$8:IL14)," ") -> 7 | MP14: =IFERROR(IF([1]Checklist!$C$12='GenInfo (2)'!E14,'GenInfo (2)'!MO14," ")," ") | MQ14: =IFERROR(SMALL($MP$8:$MP$94,ROWS($IL$8:IL14))," ") | MR14: =IFERROR(ROWS($IL$8:IL14)," ") -> 7 | MS14: =IFERROR(IF([1]Checklist!$C$13='GenInfo (2)'!E14,'GenInfo (2)'!MR14," ")," ") | MT14: =IFERROR(SMALL($MS$8:$MS$94,ROWS($IL$8:IL14))," ") | MU14: =IFERROR(ROWS($IL$8:IL14)," ") -> 7 | MV14: =IFERROR(IF([1]Checklist!$C$14='GenInfo (2)'!E14,'GenInfo (2)'!MU14," ")," ") | MW14: =IFERROR(SMALL($MV$8:$MV$94,ROWS($IL$8:IL14))," ") | MX14: =IFERROR(ROWS($IL$8:IL14)," ") -> 7 | MY14: =IFERROR(IF([1]Checklist!$C$15='GenInfo (2)'!E14,'GenInfo (2)'!MX14," ")," ") | MZ14: =IFERROR(SMALL($MY$8:$MY$94,ROWS($IL$8:IL14))," ") -> 40 | NA14: =IFERROR(ROWS($IL$8:IL14)," ") -> 7 | NB14: =IFERROR(IF([1]Checklist!$C$16='GenInfo (2)'!E14,'GenInfo (2)'!NA14," ")," ") | NC14: =IFERROR(SMALL($NB$8:$NB$94,ROWS($IL$8:IL14))," ") | ND14: =IFERROR(ROWS($IL$8:IL14)," ") -> 7 | NE14: =IFERROR(IF([1]Checklist!$C$17='GenInfo (2)'!E14,'GenInfo (2)'!ND14," ")," ") | NF14: =IFERROR(SMALL($NE$8:$NE$94,ROWS($IL$8:IL14))," ")
A15: x | B15: 49 | C15: Sample07 | D15: Student07 | E15: Association House Hs | F15: S7776988 | G15: Enrolled | I15: SSample07@asn.com | J15: 773-555-0007 | L15: 43788 | M15: 43788 | N15: x | O15: 43770 | R15: Accepted | V15: 43815 | W15: Current | AB15: Ebony Ellis | AC15: (773) 371-6000 | AE15: IDCFS | AL15: =IFERROR(DATEDIF(AN15,V15,"y"),"") -> 16 | AM15: =IFERROR(DATEDIF($AN15,TODAY(),"y"),"") -> 18 | AN15: 37921 | AO15: =IFERROR(DATEDIF(TODAY(),EDATE(AN15,(12*21)),"m"),"") -> 32 | AP15: M | AQ15: African American | AR15: Foster home | AS15: 2 | AT15: 629 | AU15: 15 | AV15: 1 | AW15: 60 | AX15: Freshman | AY15: Unk | AZ15: no | BA15: no | BE15: =IFERROR(COUNTIF(CI15,">0")+COUNTIF(CS15,">0")+COUNTIF(DC15,">0")+COUNTIF(DM15,">0")+COUNTIF(DW15,">0")+COUNTIF(EG15,">0")," ") -> 3 | BF15: =IFERROR(COUNTIF(CJ15,">0")+COUNTIF(CT15,">0")+COUNTIF(DD15,">0")+COUNTIF(DN15,">0")+COUNTIF(DX15,">0")+COUNTIF(EH15,">0")," ") -> 3 | BG15: =IFERROR(COUNTIF(CK15,"<49.5%")+COUNTIF(CU15,"<49.5%")+COUNTIF(DE15,"<49.5%")+COUNTIF(DO15,"<49.5%")+COUNTIF(DY15,"<49.5%")+COUNTIF(EI15,"<49.5%")," ") -> 0 | BH15: =IFERROR(AVERAGE(CK15,CU15,DE15,DO15,DY15,EI15)," ") -> 0.7962963 | BI15: =IFERROR(BG15/BE15," ") -> 0 | BJ15: =IFERROR(COUNTIF(CN15,">0")+COUNTIF(CW15,">0")+COUNTIF(DH15,">0")+COUNTIF(DR15,">0")+COUNTIF(EB15,">0")+COUNTIF(EL15,">0")," ") -> 3 | BK15: =IFERROR(BJ15/BE15," ") -> 1 | BL15: =IFERROR(SUM(BV15,CD15,CN15,CW15,DH15,DR15,EB15,EL15),"") -> 26.75 | BM15: =IFERROR(SUM(BW15,CE15,CO15,CX15,DI15,DS15,EC15,EM15),"") -> 160.5 | BS15: =IFERROR(BR15/BQ15," ") | BT15: 0 | BU15: 0 | BV15: 0 | BW15: 0 | CC15: =IFERROR(CB15/CA15," ") | CD15: 0 | CE15: 0 | CK15: =IFERROR(CJ15/CI15," ") | CL15: 0 | CM15: 0 | CN15: 0 | CO15: 0 | CU15: =IFERROR(CT15/CS15," ") | CV15: 0 | CW15: 0 | CX15: 0 | CY15: 0 | DE15: =IFERROR(DD15/DC15," ") | DF15: 0 | DG15: 0 | DH15: 0 | DI15: 0 | DM15: 15 | DN15: 15 | DO15: =IFERROR(DN15/DM15," ") -> 1 | DP15: 0 | DQ15: 10 | DR15: 10 | DS15: 60 | DW15: 18 | DX15: 11 | DY15: =IFERROR(DX15/DW15," ") -> 0.61111111 | DZ15: 3 | EA15: 4.5 | EB15: 7.5 | EC15: 45 | EG15: 18 | EH15: 14 | EI15: =IFERROR(EH15/EG15," ") -> 0.77777778 | EJ15: 2 | EK15: 7.25 | EL15: 9.25 | EM15: 55.5 | EQ15: 9 | ER15: 3 | ES15: =IFERROR(ER15/EQ15," ") -> 0.33333333 | ET15: 2 | EV15: 2 | EW15: 12 | FC15: =IFERROR(FB15/FA15," ") | FH15: =SUM(FD15:FG15) -> 0 | FN15: =IFERROR(FM15/FL15," ") | FS15: =SUM(FO15:FR15) -> 0 | FY15: =IFERROR(FX15/FW15," ") | GD15: =SUM(FZ15:GC15) -> 0 | GF15: 0 | GG15: Freshman | GK15: =IFERROR(SUM(GH15:GJ15)," ") -> 0 | GN15: =IFERROR(SUM(GL15:GM15)," ") -> 0 | GO15: =IFERROR(GF15+GK15+GN15," ") -> 0 | GQ15: x | GR15: x | GS15: x | GT15: x | GU15: x | GW15: x | GX15: no | GY15: =IFERROR(IF(IN15>0,"X",""),"") -> X | GZ15: =IFERROR(IF(JC15>0,"X",""),"") -> X | HA15: R | HB15: x | HG15: R | HL15: =IFERROR(IF(OR(IQ15>0,IR15>0,IS15>0),"x",""),"") | HM15: =IFERROR(IF(OR(IT15>0,IU15>0,IV15>0),"x",""),"") -> x | HN15: n/a | HO15: =IFERROR(IF(OR(JE15>0,JF15>0,JG15>0,JH15>0),"x",""),"") | HP15: =IFERROR(IF(OR(JI15>0,JJ15>0,JK15>0),"x",""),"") -> x | HQ15: n/a | HT15: x | HU15: x | HX15: x | IA15: m | ID15: 19/20 | IE15: x | IF15: x | IG15: x | IH15: x | II15: x | IJ15: x | IK15: x | IL15: x | IN15: 5.7 | IT15: 5.7 | IU15: 7 | JA15: =COUNTIF(IO15:IZ15,">=0.0") -> 2 | JB15: =IU15-IT15 -> 1.3 | JC15: 4.8 | JI15: 4.8 | JJ15: 6.1 | JP15: =COUNTIF(JD15:JO15,">=0.0") -> 2 | LN15: =IFERROR(ROWS($IL$8:IL15)," ") -> 8 | LO15: =IFERROR(IF([1]Checklist!$C$3='GenInfo (2)'!E15,'GenInfo (2)'!LN15," ")," ") | LP15: =IFERROR(SMALL($LO$8:$LO$94,ROWS($IL$8:IL15))," ") | LQ15: =IFERROR(ROWS($IL$8:IL15)," ") -> 8 | LR15: =IFERROR(IF([1]Checklist!$C$4='GenInfo (2)'!E15,'GenInfo (2)'!LQ15," ")," ") | LS15: =IFERROR(SMALL($LR$8:$LR$94,ROWS($IL$8:IL15))," ") | LT15: =IFERROR(ROWS($IL$8:IL15)," ") -> 8 | LU15: =IFERROR(IF([1]Checklist!$C$5='GenInfo (2)'!E15,'GenInfo (2)'!LT15," ")," ") -> 8 | LV15: =IFERROR(SMALL($LU$8:$LU$94,ROWS($IL$8:IL15))," ") | LW15: =IFERROR(ROWS($IL$8:IL15)," ") -> 8 | LX15: =IFERROR(IF([1]Checklist!$C$6='GenInfo (2)'!E15,'GenInfo (2)'!LW15," ")," ") | LY15: =IFERROR(SMALL($LX$8:$LX$94,ROWS($IL$8:IL15))," ") | LZ15: =IFERROR(ROWS($IL$8:IL15)," ") -> 8 | MA15: =IFERROR(IF([1]Checklist!$C$7='GenInfo (2)'!E15,'GenInfo (2)'!LZ15," ")," ") | MB15: =IFERROR(SMALL($MA$8:$MA$94,ROWS($IL$8:IL15))," ") | MC15: =IFERROR(ROWS($IL$8:IL15)," ") -> 8 | MD15: =IFERROR(IF([1]Checklist!$C$8='GenInfo (2)'!E15,'GenInfo (2)'!MC15," ")," ") | ME15: =IFERROR(SMALL($MD$8:$MD$94,ROWS($IL$8:IL15))," ") | MF15: =IFERROR(ROWS($IL$8:IL15)," ") -> 8 | MG15: =IFERROR(IF([1]Checklist!$C$9='GenInfo (2)'!E15,'GenInfo (2)'!MF15," ")," ") | MH15: =IFERROR(SMALL($MG$8:$MG$94,ROWS($IL$8:IL15))," ") | MI15: =IFERROR(ROWS($IL$8:$IL15)," ") -> 8 | MJ15: =IFERROR(IF([1]Checklist!$C$10='GenInfo (2)'!E15,'GenInfo (2)'!MI15," ")," ") | MK15: =IFERROR(SMALL($MJ$8:$MJ$94,ROWS($IL$8:IL15))," ") | ML15: =IFERROR(ROWS($IL$8:IL15)," ") -> 8 | MM15: =IFERROR(IF([1]Checklist!$C$11='GenInfo (2)'!E15,'GenInfo (2)'!ML15," ")," ") | MN15: =IFERROR(SMALL($MM$8:$MM$94,ROWS($IL$8:IL15))," ") | MO15: =IFERROR(ROWS($IL$8:IL15)," ") -> 8 | MP15: =IFERROR(IF([1]Checklist!$C$12='GenInfo (2)'!E15,'GenInfo (2)'!MO15," ")," ") | MQ15: =IFERROR(SMALL($MP$8:$MP$94,ROWS($IL$8:IL15))," ") | MR15: =IFERROR(ROWS($IL$8:IL15)," ") -> 8 | MS15: =IFERROR(IF([1]Checklist!$C$13='GenInfo (2)'!E15,'GenInfo (2)'!MR15," ")," ") | MT15: =IFERROR(SMALL($MS$8:$MS$94,ROWS($IL$8:IL15))," ") | MU15: =IFERROR(ROWS($IL$8:IL15)," ") -> 8 | MV15: =IFERROR(IF([1]Checklist!$C$14='GenInfo (2)'!E15,'GenInfo (2)'!MU15," ")," ") | MW15: =IFERROR(SMALL($MV$8:$MV$94,ROWS($IL$8:IL15))," ") | MX15: =IFERROR(ROWS($IL$8:IL15)," ") -> 8 | MY15: =IFERROR(IF([1]Checklist!$C$15='GenInfo (2)'!E15,'GenInfo (2)'!MX15," ")," ") | MZ15: =IFERROR(SMALL($MY$8:$MY$94,ROWS($IL$8:IL15))," ") -> 41 | NA15: =IFERROR(ROWS($IL$8:IL15)," ") -> 8 | NB15: =IFERROR(IF([1]Checklist!$C$16='GenInfo (2)'!E15,'GenInfo (2)'!NA15," ")," ") | NC15: =IFERROR(SMALL($NB$8:$NB$94,ROWS($IL$8:IL15))," ") | ND15: =IFERROR(ROWS($IL$8:IL15)," ") -> 8 | NE15: =IFERROR(IF([1]Checklist!$C$17='GenInfo (2)'!E15,'GenInfo (2)'!ND15," ")," ") | NF15: =IFERROR(SMALL($NE$8:$NE$94,ROWS($IL$8:IL15))," ")
A16: x | B16: 57 | C16: Sample08 | D16: Student08 | E16: Association House Hs | F16: W7996985 | G16: Enrolled | I16: SSample08@asn.com | J16: 773-555-0008 | L16: 43851 | M16: 43852 | N16: x | O16: 43862 | R16: Accepted | V16: 43879 | W16: Current | AB16: Martha Vega | AC16: (312) 377-4735 | AD16: martha.vega@illinois.gov | AE16: Childlink | AF16: 955 W Cermak | AH16: Chicago | AI16: IL | AJ16: 60608 | AL16: =IFERROR(DATEDIF(AN16,V16,"y"),"") -> 17 | AM16: =IFERROR(DATEDIF($AN16,TODAY(),"y"),"") -> 19 | AN16: 37590 | AO16: =IFERROR(DATEDIF(TODAY(),EDATE(AN16,(12*21)),"m"),"") -> 22 | AP16: F | AQ16: Latino/Hispanic | AR16: Foster home | AS16: 1 | AT16: unk | AU16: unk | AV16: unk | AW16: unk | AX16: Pending | AY16: no | AZ16: no | BA16: no | BE16: =IFERROR(COUNTIF(CI16,">0")+COUNTIF(CS16,">0")+COUNTIF(DC16,">0")+COUNTIF(DM16,">0")+COUNTIF(DW16,">0")+COUNTIF(EG16,">0")," ") -> 0 | BF16: =IFERROR(COUNTIF(CJ16,">0")+COUNTIF(CT16,">0")+COUNTIF(DD16,">0")+COUNTIF(DN16,">0")+COUNTIF(DX16,">0")+COUNTIF(EH16,">0")," ") -> 0 | BG16: =IFERROR(COUNTIF(CK16,"<49.5%")+COUNTIF(CU16,"<49.5%")+COUNTIF(DE16,"<49.5%")+COUNTIF(DO16,"<49.5%")+COUNTIF(DY16,"<49.5%")+COUNTIF(EI16,"<49.5%")," ") -> 0 | BH16: =IFERROR(AVERAGE(CK16,CU16,DE16,DO16,DY16,EI16)," ") | BI16: =IFERROR(BG16/BE16," ") | BJ16: =IFERROR(COUNTIF(CN16,">0")+COUNTIF(CW16,">0")+COUNTIF(DH16,">0")+COUNTIF(DR16,">0")+COUNTIF(EB16,">0")+COUNTIF(EL16,">0")," ") -> 0 | BK16: =IFERROR(BJ16/BE16," ") | BL16: =IFERROR(SUM(BV16,CD16,CN16,CW16,DH16,DR16,EB16,EL16),"") -> 0 | BM16: =IFERROR(SUM(BW16,CE16,CO16,CX16,DI16,DS16,EC16,EM16),"") -> 0 | BS16: =IFERROR(BR16/BQ16," ") | BV16: 0 | BW16: 0 | CC16: =IFERROR(CB16/CA16," ") | CE16: 0 | CK16: =IFERROR(CJ16/CI16," ") | CO16: 0 | CU16: =IFERROR(CT16/CS16," ") | CY16: 0 | DE16: =IFERROR(DD16/DC16," ") | DI16: 0 | DO16: =IFERROR(DN16/DM16," ") | DS16: 0 | DY16: =IFERROR(DX16/DW16," ") | DZ16: 0 | EA16: 0 | EB16: 0 | EC16: 0 | ED16: Hiatus | EI16: =IFERROR(EH16/EG16," ") | EJ16: 0 | EK16: 0 | EL16: 0 | EM16: 0 | EQ16: 0 | ER16: 0 | ES16: =IFERROR(ER16/EQ16," ") | ET16: 0 | EV16: 0 | EW16: 0 | FC16: =IFERROR(FB16/FA16," ") | FH16: =SUM(FD16:FG16) -> 0 | FN16: =IFERROR(FM16/FL16," ") | FS16: =SUM(FO16:FR16) -> 0 | FY16: =IFERROR(FX16/FW16," ") | GD16: =SUM(FZ16:GC16) -> 0 | GK16: =IFERROR(SUM(GH16:GJ16)," ") -> 0 | GN16: =IFERROR(SUM(GL16:GM16)," ") -> 0 | GO16: =IFERROR(GF16+GK16+GN16," ") | GQ16: x | GR16: x | GS16: x | GT16: x | GU16: x | GV16: r | GW16: x | GX16: no | GY16: x | GZ16: x | HA16: x | HB16: x | HG16: x | HJ16: 1 | HL16: =IFERROR(IF(OR(IQ16>0,IR16>0,IS16>0),"x",""),"") | HM16: =IFERROR(IF(OR(IT16>0,IU16>0,IV16>0),"x",""),"") | HN16: n/a | HO16: =IFERROR(IF(OR(JE16>0,JF16>0,JG16>0,JH16>0),"x",""),"") | HP16: =IFERROR(IF(OR(JI16>0,JJ16>0,JK16>0),"x",""),"") | HQ16: n/a | HU16: x | IC16: x | IE16: x | IF16: x | IG16: x | IH16: x | II16: x | IJ16: x | IK16: x | IL16: x | IN16: 6.4 | JA16: =COUNTIF(IO16:IZ16,">=0.0") -> 0 | JC16: 5.3 | JP16: =COUNTIF(JD16:JO16,">=0.0") -> 0 | JQ16: =JK16-JF16 -> 0 | LN16: =IFERROR(ROWS($IL$8:IL16)," ") -> 9 | LO16: =IFERROR(IF([1]Checklist!$C$3='GenInfo (2)'!E16,'GenInfo (2)'!LN16," ")," ") | LP16: =IFERROR(SMALL($LO$8:$LO$94,ROWS($IL$8:IL16))," ") | LQ16: =IFERROR(ROWS($IL$8:IL16)," ") -> 9 | LR16: =IFERROR(IF([1]Checklist!$C$4='GenInfo (2)'!E16,'GenInfo (2)'!LQ16," ")," ") | LS16: =IFERROR(SMALL($LR$8:$LR$94,ROWS($IL$8:IL16))," ") | LT16: =IFERROR(ROWS($IL$8:IL16)," ") -> 9 | LU16: =IFERROR(IF([1]Checklist!$C$5='GenInfo (2)'!E16,'GenInfo (2)'!LT16," ")," ") -> 9 | LV16: =IFERROR(SMALL($LU$8:$LU$94,ROWS($IL$8:IL16))," ") | LW16: =IFERROR(ROWS($IL$8:IL16)," ") -> 9 | LX16: =IFERROR(IF([1]Checklist!$C$6='GenInfo (2)'!E16,'GenInfo (2)'!LW16," ")," ") | LY16: =IFERROR(SMALL($LX$8:$LX$94,ROWS($IL$8:IL16))," ") | LZ16: =IFERROR(ROWS($IL$8:IL16)," ") -> 9 | MA16: =IFERROR(IF([1]Checklist!$C$7='GenInfo (2)'!E16,'GenInfo (2)'!LZ16," ")," ") | MB16: =IFERROR(SMALL($MA$8:$MA$94,ROWS($IL$8:IL16))," ") | MC16: =IFERROR(ROWS($IL$8:IL16)," ") -> 9 | MD16: =IFERROR(IF([1]Checklist!$C$8='GenInfo (2)'!E16,'GenInfo (2)'!MC16," ")," ") | ME16: =IFERROR(SMALL($MD$8:$MD$94,ROWS($IL$8:IL16))," ") | MF16: =IFERROR(ROWS($IL$8:IL16)," ") -> 9 | MG16: =IFERROR(IF([1]Checklist!$C$9='GenInfo (2)'!E16,'GenInfo (2)'!MF16," ")," ") | MH16: =IFERROR(SMALL($MG$8:$MG$94,ROWS($IL$8:IL16))," ") | MI16: =IFERROR(ROWS($IL$8:$IL16)," ") -> 9 | MJ16: =IFERROR(IF([1]Checklist!$C$10='GenInfo (2)'!E16,'GenInfo (2)'!MI16," ")," ") | MK16: =IFERROR(SMALL($MJ$8:$MJ$94,ROWS($IL$8:IL16))," ") | ML16: =IFERROR(ROWS($IL$8:IL16)," ") -> 9 | MM16: =IFERROR(IF([1]Checklist!$C$11='GenInfo (2)'!E16,'GenInfo (2)'!ML16," ")," ") | MN16: =IFERROR(SMALL($MM$8:$MM$94,ROWS($IL$8:IL16))," ") | MO16: =IFERROR(ROWS($IL$8:IL16)," ") -> 9 | MP16: =IFERROR(IF([1]Checklist!$C$12='GenInfo (2)'!E16,'GenInfo (2)'!MO16," ")," ") | MQ16: =IFERROR(SMALL($MP$8:$MP$94,ROWS($IL$8:IL16))," ") | MR16: =IFERROR(ROWS($IL$8:IL16)," ") -> 9 | MS16: =IFERROR(IF([1]Checklist!$C$13='GenInfo (2)'!E16,'GenInfo (2)'!MR16," ")," ") | MT16: =IFERROR(SMALL($MS$8:$MS$94,ROWS($IL$8:IL16))," ") | MU16: =IFERROR(ROWS($IL$8:IL16)," ") -> 9 | MV16: =IFERROR(IF([1]Checklist!$C$14='GenInfo (2)'!E16,'GenInfo (2)'!MU16," ")," ") | MW16: =IFERROR(SMALL($MV$8:$MV$94,ROWS($IL$8:IL16))," ") | MX16: =IFERROR(ROWS($IL$8:IL16)," ") -> 9 | MY16: =IFERROR(IF([1]Checklist!$C$15='GenInfo (2)'!E16,'GenInfo (2)'!MX16," ")," ") | MZ16: =IFERROR(SMALL($MY$8:$MY$94,ROWS($IL$8:IL16))," ") | NA16: =IFERROR(ROWS($IL$8:IL16)," ") -> 9 | NB16: =IFERROR(IF([1]Checklist!$C$16='GenInfo (2)'!E16,'GenInfo (2)'!NA16," ")," ") | NC16: =IFERROR(SMALL($NB$8:$NB$94,ROWS($IL$8:IL16))," ") | ND16: =IFERROR(ROWS($IL$8:IL16)," ") -> 9 | NE16: =IFERROR(IF([1]Checklist!$C$17='GenInfo (2)'!E16,'GenInfo (2)'!ND16," ")," ") | NF16: =IFERROR(SMALL($NE$8:$NE$94,ROWS($IL$8:IL16))," ")
A17: x | B17: 66 | C17: Sample09 | D17: Student09 | E17: Chatham Academy | F17: S7896885 | G17: Transferred in network | I17: SSample09@asn.com | J17: 773-555-0009 | L17: 43696 | M17: 43696 | N17: x | O17: 43709 | P17: 43712 | Q17: 43742 | R17: Accepted | V17: 43726 | W17: 43864 | AB17: Madeline Kenny | AC17: 312-564-2348 | AD17: mkenny@voail.org | AE17: Volunteers of America | AF17: 47 W. Park St. | AG17: 250-2 | AH17: Chicago | AI17: IL | AJ17: 60605 | AL17: =IFERROR(DATEDIF(AN17,V17,"y"),"") -> 17 | AM17: =IFERROR(DATEDIF($AN17,TODAY(),"y"),"") -> 20 | AN17: 37153 | AO17: =IFERROR(DATEDIF(TODAY(),EDATE(AN17,(12*21)),"m"),"") -> 7 | AP17: F | AQ17: African American | AR17: Home of relative | AS17: 2 | AU17: 17 | AV17: 1 | AW17: 33 | AX17: Sophomore | AY17: No | AZ17: No | BA17: No | BE17: =IFERROR(COUNTIF(CI17,">0")+COUNTIF(CS17,">0")+COUNTIF(DC17,">0")+COUNTIF(DM17,">0")+COUNTIF(DW17,">0")+COUNTIF(EG17,">0")," ") -> 5 | BF17: =IFERROR(COUNTIF(CJ17,">0")+COUNTIF(CT17,">0")+COUNTIF(DD17,">0")+COUNTIF(DN17,">0")+COUNTIF(DX17,">0")+COUNTIF(EH17,">0")," ") -> 3 | BG17: =IFERROR(COUNTIF(CK17,"<49.5%")+COUNTIF(CU17,"<49.5%")+COUNTIF(DE17,"<49.5%")+COUNTIF(DO17,"<49.5%")+COUNTIF(DY17,"<49.5%")+COUNTIF(EI17,"<49.5%")," ") -> 3 | BH17: =IFERROR(AVERAGE(CK17,CU17,DE17,DO17,DY17,EI17)," ") -> 0.32657005 | BI17: =IFERROR(BG17/BE17," ") -> 0.6 | BJ17: =IFERROR(COUNTIF(CN17,">0")+COUNTIF(CW17,">0")+COUNTIF(DH17,">0")+COUNTIF(DR17,">0")+COUNTIF(EB17,">0")+COUNTIF(EL17,">0")," ") -> 0 | BK17: =IFERROR(BJ17/BE17," ") -> 0 | BL17: =IFERROR(SUM(BV17,CD17,CN17,CW17,DH17,DR17,EB17,EL17),"") -> 0 | BM17: =IFERROR(SUM(BW17,CE17,CO17,CX17,DI17,DS17,EC17,EM17),"") -> 12 | BS17: =IFERROR(BR17/BQ17," ") | BT17: 0 | BU17: 0 | BV17: 0 | BW17: 0 | CC17: =IFERROR(CB17/CA17," ") | CD17: 0 | CE17: 0 | CI17: 18 | CJ17: 17 | CK17: =IFERROR(CJ17/CI17," ") -> 0.94444444 | CL17: 0 | CM17: 0 | CN17: 0 | CO17: 0 | CS17: 23 | CT17: 12 | CU17: =IFERROR(CT17/CS17," ") -> 0.52173913 | CV17: 12 | CW17: 0 | CX17: 12 | CY17: 156 | DC17: 18 | DD17: 3 | DE17: =IFERROR(DD17/DC17," ") -> 0.16666667 | DF17: 0 | DG17: 0 | DH17: 0 | DI17: 0 | DM17: 15 | DN17: 0 | DO17: =IFERROR(DN17/DM17," ") -> 0 | DP17: 0 | DQ17: 0 | DR17: 0 | DS17: 0 | DW17: 19 | DX17: 0 | DY17: =IFERROR(DX17/DW17," ") -> 0 | DZ17: 0 | EA17: 0 | EB17: 0 | EC17: 0 | EI17: =IFERROR(EH17/EG17," ") | EJ17: 0 | EK17: 0 | EL17: 0 | EM17: 0 | ES17: =IFERROR(ER17/EQ17," ") | ET17: 0 | EV17: 0 | EW17: 0 | FC17: =IFERROR(FB17/FA17," ") | FH17: =SUM(FD17:FG17) -> 0 | FN17: =IFERROR(FM17/FL17," ") | FS17: =SUM(FO17:FR17) -> 0 | FY17: =IFERROR(FX17/FW17," ") | GD17: =SUM(FZ17:GC17) -> 0 | GF17: 7.5 | GG17: Sophomore | GK17: =IFERROR(SUM(GH17:GJ17)," ") -> 0 | GL17: 0 | GN17: =IFERROR(SUM(GL17:GM17)," ") -> 0 | GO17: =IFERROR(GF17+GK17+GN17," ") -> 7.5 | GQ17: x | GR17: x | GS17: x | GT17: x | GU17: x | GV17: m | GW17: x | GX17: no | GY17: =IFERROR(IF(IN17>0,"X",""),"") -> X | GZ17: =IFERROR(IF(JC17>0,"X",""),"") -> X | HA17: m | HB17: m | HG17: x | HL17: =IFERROR(IF(OR(IQ17>0,IR17>0,IS17>0),"x",""),"") -> x | HM17: =IFERROR(IF(OR(IT17>0,IU17>0,IV17>0),"x",""),"") | HN17: =IFERROR(IF(OR(IW17>0,IX17>0,IY17>0,IZ17>0),"x",""),"") | HO17: =IFERROR(IF(OR(JE17>0,JF17>0,JG17>0,JH17>0),"x",""),"") -> x | HP17: =IFERROR(IF(OR(JI17>0,JJ17>0,JK17>0),"x",""),"") | HQ17: =IFERROR(IF(OR(JL17>0,JM17>0,JN17>0,JO17>0),"x",""),"") | HS17: x | HZ17: n/a | IC17: x | ID17: 19/20 | IE17: x | IF17: x | IG17: x | IH17: x | II17: x | IJ17: x | IK17: x | IN17: 5.2 | IQ17: 5.2 | JA17: =COUNTIF(IO17:IZ17,">=0.0") -> 1 | JC17: 8.1 | JF17: 8.1 | JP17: =COUNTIF(JD17:JO17,">=0.0") -> 1 | LN17: =IFERROR(ROWS($IL$8:IL17)," ") -> 10 | LO17: =IFERROR(IF([1]Checklist!$C$3='GenInfo (2)'!E17,'GenInfo (2)'!LN17," ")," ") | LP17: =IFERROR(SMALL($LO$8:$LO$94,ROWS($IL$8:IL17))," ") | LQ17: =IFERROR(ROWS($IL$8:IL17)," ") -> 10 | LR17: =IFERROR(IF([1]Checklist!$C$4='GenInfo (2)'!E17,'GenInfo (2)'!LQ17," ")," ") | LS17: =IFERROR(SMALL($LR$8:$LR$94,ROWS($IL$8:IL17))," ") | LT17: =IFERROR(ROWS($IL$8:IL17)," ") -> 10 | LU17: =IFERROR(IF([1]Checklist!$C$5='GenInfo (2)'!E17,'GenInfo (2)'!LT17," ")," ") | LV17: =IFERROR(SMALL($LU$8:$LU$94,ROWS($IL$8:IL17))," ") | LW17: =IFERROR(ROWS($IL$8:IL17)," ") -> 10 | LX17: =IFERROR(IF([1]Checklist!$C$6='GenInfo (2)'!E17,'GenInfo (2)'!LW17," ")," ") -> 10 | LY17: =IFERROR(SMALL($LX$8:$LX$94,ROWS($IL$8:IL17))," ") | LZ17: =IFERROR(ROWS($IL$8:IL17)," ") -> 10 | MA17: =IFERROR(IF([1]Checklist!$C$7='GenInfo (2)'!E17,'GenInfo (2)'!LZ17," ")," ") | MB17: =IFERROR(SMALL($MA$8:$MA$94,ROWS($IL$8:IL17))," ") | MC17: =IFERROR(ROWS($IL$8:IL17)," ") -> 10 | MD17: =IFERROR(IF([1]Checklist!$C$8='GenInfo (2)'!E17,'GenInfo (2)'!MC17," ")," ") | ME17: =IFERROR(SMALL($MD$8:$MD$94,ROWS($IL$8:IL17))," ") | MF17: =IFERROR(ROWS($IL$8:IL17)," ") -> 10 | MG17: =IFERROR(IF([1]Checklist!$C$9='GenInfo (2)'!E17,'GenInfo (2)'!MF17," ")," ") | MH17: =IFERROR(SMALL($MG$8:$MG$94,ROWS($IL$8:IL17))," ") | MI17: =IFERROR(ROWS($IL$8:$IL17)," ") -> 10 | MJ17: =IFERROR(IF([1]Checklist!$C$10='GenInfo (2)'!E17,'GenInfo (2)'!MI17," ")," ") | MK17: =IFERROR(SMALL($MJ$8:$MJ$94,ROWS($IL$8:IL17))," ") | ML17: =IFERROR(ROWS($IL$8:IL17)," ") -> 10 | MM17: =IFERROR(IF([1]Checklist!$C$11='GenInfo (2)'!E17,'GenInfo (2)'!ML17," ")," ") | MN17: =IFERROR(SMALL($MM$8:$MM$94,ROWS($IL$8:IL17))," ") | MO17: =IFERROR(ROWS($IL$8:IL17)," ") -> 10 | MP17: =IFERROR(IF([1]Checklist!$C$12='GenInfo (2)'!E17,'GenInfo (2)'!MO17," ")," ") | MQ17: =IFERROR(SMALL($MP$8:$MP$94,ROWS($IL$8:IL17))," ") | MR17: =IFERROR(ROWS($IL$8:IL17)," ") -> 10 | MS17: =IFERROR(IF([1]Checklist!$C$13='GenInfo (2)'!E17,'GenInfo (2)'!MR17," ")," ") | MT17: =IFERROR(SMALL($MS$8:$MS$94,ROWS($IL$8:IL17))," ") | MU17: =IFERROR(ROWS($IL$8:IL17)," ") -> 10 | MV17: =IFERROR(IF([1]Checklist!$C$14='GenInfo (2)'!E17,'GenInfo (2)'!MU17," ")," ") | MW17: =IFERROR(SMALL($MV$8:$MV$94,ROWS($IL$8:IL17))," ") | MX17: =IFERROR(ROWS($IL$8:IL17)," ") -> 10 | MY17: =IFERROR(IF([1]Checklist!$C$15='GenInfo (2)'!E17,'GenInfo (2)'!MX17," ")," ") | MZ17: =IFERROR(SMALL($MY$8:$MY$94,ROWS($IL$8:IL17))," ") | NA17: =IFERROR(ROWS($IL$8:IL17)," ") -> 10 | NB17: =IFERROR(IF([1]Checklist!$C$16='GenInfo (2)'!E17,'GenInfo (2)'!NA17," ")," ") | NC17: =IFERROR(SMALL($NB$8:$NB$94,ROWS($IL$8:IL17))," ") | ND17: =IFERROR(ROWS($IL$8:IL17)," ") -> 10 | NE17: =IFERROR(IF([1]Checklist!$C$17='GenInfo (2)'!E17,'GenInfo (2)'!ND17," ")," ") | NF17: =IFERROR(SMALL($NE$8:$NE$94,ROWS($IL$8:IL17))," ")
A18: x | B18: 69 | C18: Sample10 | D18: Student10 | E18: Chatham Academy | F18: Q6688585 | G18: Enrolled | I18: SSample10@asn.com | J18: 773-555-0010 | L18: 43845 | M18: 43846 | N18: x | O18: 43831 | P18: 43845 | Q18: 43876 | R18: Accepted | V18: 43864 | W18: Current | AB18: Zachary Zuninga | AC18: 773-226-9026 | AE18: NYAP | AL18: =IFERROR(DATEDIF(AN18,V18,"y"),"") -> 17 | AM18: =IFERROR(DATEDIF($AN18,TODAY(),"y"),"") -> 19 | AN18: 37450 | AO18: =IFERROR(DATEDIF(TODAY(),EDATE(AN18,(12*21)),"m"),"") -> 17 | AP18: F | AQ18: African American | AR18: Foster home | AS18: 3 | AT18: 90 | AU18: 11 | AV18: 4 | AW18: 2184 | AX18: Senior | AY18: No | AZ18: No | BA18: No | BE18: =IFERROR(COUNTIF(CI18,">0")+COUNTIF(CS18,">0")+COUNTIF(DC18,">0")+COUNTIF(DM18,">0")+COUNTIF(DW18,">0")+COUNTIF(EG18,">0")," ") -> 1 | BF18: =IFERROR(COUNTIF(CJ18,">0")+COUNTIF(CT18,">0")+COUNTIF(DD18,">0")+COUNTIF(DN18,">0")+COUNTIF(DX18,">0")+COUNTIF(EH18,">0")," ") -> 1 | BG18: =IFERROR(COUNTIF(CK18,"<49.5%")+COUNTIF(CU18,"<49.5%")+COUNTIF(DE18,"<49.5%")+COUNTIF(DO18,"<49.5%")+COUNTIF(DY18,"<49.5%")+COUNTIF(EI18,"<49.5%")," ") -> 0 | BH18: =IFERROR(AVERAGE(CK18,CU18,DE18,DO18,DY18,EI18)," ") -> 0.89473684 | BI18: =IFERROR(BG18/BE18," ") -> 0 | BJ18: =IFERROR(COUNTIF(CN18,">0")+COUNTIF(CW18,">0")+COUNTIF(DH18,">0")+COUNTIF(DR18,">0")+COUNTIF(EB18,">0")+COUNTIF(EL18,">0")," ") -> 0 | BK18: =IFERROR(BJ18/BE18," ") -> 0 | BL18: =IFERROR(SUM(BV18,CD18,CN18,CW18,DH18,DR18,EB18,EL18),"") -> 0 | BM18: =IFERROR(SUM(BW18,CE18,CO18,CX18,DI18,DS18,EC18,EM18),"") -> 0 | BS18: =IFERROR(BR18/BQ18," ") | BV18: 0 | BW18: 0 | CC18: =IFERROR(CB18/CA18," ") | CE18: 0 | CK18: =IFERROR(CJ18/CI18," ") | CO18: 0 | CU18: =IFERROR(CT18/CS18," ") | CY18: 0 | DE18: =IFERROR(DD18/DC18," ") | DI18: 0 | DO18: =IFERROR(DN18/DM18," ") | DS18: 0 | DY18: =IFERROR(DX18/DW18," ") | DZ18: 0 | EA18: 0 | EB18: 0 | EC18: 0 | EG18: 19 | EH18: 17 | EI18: =IFERROR(EH18/EG18," ") -> 0.89473684 | EJ18: 0 | EK18: 0 | EL18: 0 | EM18: 0 | EQ18: 11 | ER18: 5 | ES18: =IFERROR(ER18/EQ18," ") -> 0.45454545 | ET18: 12 | EV18: 12 | EW18: 142 | FC18: =IFERROR(FB18/FA18," ") | FH18: =SUM(FD18:FG18) -> 0 | FN18: =IFERROR(FM18/FL18," ") | FS18: =SUM(FO18:FR18) -> 0 | FY18: =IFERROR(FX18/FW18," ") | GD18: =SUM(FZ18:GC18) -> 0 | GK18: =IFERROR(SUM(GH18:GJ18)," ") -> 0 | GN18: =IFERROR(SUM(GL18:GM18)," ") -> 0 | GO18: =IFERROR(GF18+GK18+GN18," ") | GQ18: x | GR18: x | GS18: x | GT18: x | GU18: x | GV18: x | GW18: x | GY18: m | GZ18: m | HA18: m | HB18: m | HG18: m | HL18: =IFERROR(IF(OR(IQ18>0,IR18>0,IS18>0),"x",""),"") | HM18: =IFERROR(IF(OR(IT18>0,IU18>0,IV18>0),"x",""),"") | HN18: n/a | HO18: =IFERROR(IF(OR(JE18>0,JF18>0,JG18>0,JH18>0),"x",""),"") | HP18: =IFERROR(IF(OR(JI18>0,JJ18>0,JK18>0),"x",""),"") | HQ18: n/a | HU18: m | IC18: m | IE18: x | IF18: x | IG18: x | IH18: x | II18: x | IJ18: x | IK18: x | JA18: =COUNTIF(IO18:IZ18,">=0.0") -> 0 | JP18: =COUNTIF(JD18:JO18,">=0.0") -> 0 | LN18: =IFERROR(ROWS($IL$8:IL18)," ") -> 11 | LO18: =IFERROR(IF([1]Checklist!$C$3='GenInfo (2)'!E18,'GenInfo (2)'!LN18," ")," ") | LP18: =IFERROR(SMALL($LO$8:$LO$94,ROWS($IL$8:IL18))," ") | LQ18: =IFERROR(ROWS($IL$8:IL18)," ") -> 11 | LR18: =IFERROR(IF([1]Checklist!$C$4='GenInfo (2)'!E18,'GenInfo (2)'!LQ18," ")," ") | LS18: =IFERROR(SMALL($LR$8:$LR$94,ROWS($IL$8:IL18))," ") | LT18: =IFERROR(ROWS($IL$8:IL18)," ") -> 11 | LU18: =IFERROR(IF([1]Checklist!$C$5='GenInfo (2)'!E18,'GenInfo (2)'!LT18," ")," ") | LV18: =IFERROR(SMALL($LU$8:$LU$94,ROWS($IL$8:IL18))," ") | LW18: =IFERROR(ROWS($IL$8:IL18)," ") -> 11 | LX18: =IFERROR(IF([1]Checklist!$C$6='GenInfo (2)'!E18,'GenInfo (2)'!LW18," ")," ") -> 11 | LY18: =IFERROR(SMALL($LX$8:$LX$94,ROWS($IL$8:IL18))," ") | LZ18: =IFERROR(ROWS($IL$8:IL18)," ") -> 11 | MA18: =IFERROR(IF([1]Checklist!$C$7='GenInfo (2)'!E18,'GenInfo (2)'!LZ18," ")," ") | MB18: =IFERROR(SMALL($MA$8:$MA$94,ROWS($IL$8:IL18))," ") | MC18: =IFERROR(ROWS($IL$8:IL18)," ") -> 11 | MD18: =IFERROR(IF([1]Checklist!$C$8='GenInfo (2)'!E18,'GenInfo (2)'!MC18," ")," ") | ME18: =IFERROR(SMALL($MD$8:$MD$94,ROWS($IL$8:IL18))," ") | MF18: =IFERROR(ROWS($IL$8:IL18)," ") -> 11 | MG18: =IFERROR(IF([1]Checklist!$C$9='GenInfo (2)'!E18,'GenInfo (2)'!MF18," ")," ") | MH18: =IFERROR(SMALL($MG$8:$MG$94,ROWS($IL$8:IL18))," ") | MI18: =IFERROR(ROWS($IL$8:$IL18)," ") -> 11 | MJ18: =IFERROR(IF([1]Checklist!$C$10='GenInfo (2)'!E18,'GenInfo (2)'!MI18," ")," ") | MK18: =IFERROR(SMALL($MJ$8:$MJ$94,ROWS($IL$8:IL18))," ") | ML18: =IFERROR(ROWS($IL$8:IL18)," ") -> 11 | MM18: =IFERROR(IF([1]Checklist!$C$11='GenInfo (2)'!E18,'GenInfo (2)'!ML18," ")," ") | MN18: =IFERROR(SMALL($MM$8:$MM$94,ROWS($IL$8:IL18))," ") | MO18: =IFERROR(ROWS($IL$8:IL18)," ") -> 11 | MP18: =IFERROR(IF([1]Checklist!$C$12='GenInfo (2)'!E18,'GenInfo (2)'!MO18," ")," ") | MQ18: =IFERROR(SMALL($MP$8:$MP$94,ROWS($IL$8:IL18))," ") | MR18: =IFERROR(ROWS($IL$8:IL18)," ") -> 11 | MS18: =IFERROR(IF([1]Checklist!$C$13='GenInfo (2)'!E18,'GenInfo (2)'!MR18," ")," ") | MT18: =IFERROR(SMALL($MS$8:$MS$94,ROWS($IL$8:IL18))," ") | MU18: =IFERROR(ROWS($IL$8:IL18)," ") -> 11 | MV18: =IFERROR(IF([1]Checklist!$C$14='GenInfo (2)'!E18,'GenInfo (2)'!MU18," ")," ") | MW18: =IFERROR(SMALL($MV$8:$MV$94,ROWS($IL$8:IL18))," ") | MX18: =IFERROR(ROWS($IL$8:IL18)," ") -> 11 | MY18: =IFERROR(IF([1]Checklist!$C$15='GenInfo (2)'!E18,'GenInfo (2)'!MX18," ")," ") | MZ18: =IFERROR(SMALL($MY$8:$MY$94,ROWS($IL$8:IL18))," ") | NA18: =IFERROR(ROWS($IL$8:IL18)," ") -> 11 | NB18: =IFERROR(IF([1]Checklist!$C$16='GenInfo (2)'!E18,'GenInfo (2)'!NA18," ")," ") | NC18: =IFERROR(SMALL($NB$8:$NB$94,ROWS($IL$8:IL18))," ") | ND18: =IFERROR(ROWS($IL$8:IL18)," ") -> 11 | NE18: =IFERROR(IF([1]Checklist!$C$17='GenInfo (2)'!E18,'GenInfo (2)'!ND18," ")," ") | NF18: =IFERROR(SMALL($NE$8:$NE$94,ROWS($IL$8:IL18))," ")
A19: x | B19: 74 | C19: Sample11 | D19: Student11 | E19: Chatham Academy | F19: Y8896989 | G19: Enrolled | I19: SSample11@asn.com | J19: 773-555-0011 | V19: 43539 | W19: Current | AB19: Tatianna Rogers | AC19: 773-488-2580 | AD19: tatianna.rogers@illinois.gov | AE19: Lakeside Community Committee | AF19: 7418 S. Cottage Grove | AH19: Chicago | AI19: IL | AJ19: 60649 | AL19: =IFERROR(DATEDIF(AN19,V19,"y"),"") -> 17 | AM19: =IFERROR(DATEDIF($AN19,TODAY(),"y"),"") -> 20 | AN19: 37006 | AO19: =IFERROR(DATEDIF(TODAY(),EDATE(AN19,(12*21)),"m"),"") -> 2 | AP19: F | AQ19: African American | AR19: Home of relative | AS19: 4 | AT19: 90 | AU19: 14 | AV19: 3 | AW19: 21 | AX19: Sophomore | AY19: No | AZ19: No | BA19: No | BE19: =IFERROR(COUNTIF(CI19,">0")+COUNTIF(CS19,">0")+COUNTIF(DC19,">0")+COUNTIF(DM19,">0")+COUNTIF(DW19,">0")+COUNTIF(EG19,">0")," ") -> 6 | BF19: =IFERROR(COUNTIF(CJ19,">0")+COUNTIF(CT19,">0")+COUNTIF(DD19,">0")+COUNTIF(DN19,">0")+COUNTIF(DX19,">0")+COUNTIF(EH19,">0")," ") -> 6 | BG19: =IFERROR(COUNTIF(CK19,"<49.5%")+COUNTIF(CU19,"<49.5%")+COUNTIF(DE19,"<49.5%")+COUNTIF(DO19,"<49.5%")+COUNTIF(DY19,"<49.5%")+COUNTIF(EI19,"<49.5%")," ") -> 0 | BH19: =IFERROR(AVERAGE(CK19,CU19,DE19,DO19,DY19,EI19)," ") -> 0.81288245 | BI19: =IFERROR(BG19/BE19," ") -> 0 | BJ19: =IFERROR(COUNTIF(CN19,">0")+COUNTIF(CW19,">0")+COUNTIF(DH19,">0")+COUNTIF(DR19,">0")+COUNTIF(EB19,">0")+COUNTIF(EL19,">0")," ") -> 4 | BK19: =IFERROR(BJ19/BE19," ") -> 0.66666667 | BL19: =IFERROR(SUM(BV19,CD19,CN19,CW19,DH19,DR19,EB19,EL19),"") -> 134 | BM19: =IFERROR(SUM(BW19,CE19,CO19,CX19,DI19,DS19,EC19,EM19),"") -> 1719 | BQ19: 23 | BR19: 10 | BS19: =IFERROR(BR19/BQ19," ") -> 0.43478261 | BT19: 27 | BU19: 15 | BV19: 42 | BW19: 546 | CB19: 2 | CC19: =IFERROR(CB19/CA19," ") | CD19: 21 | CE19: 273 | CI19: 18 | CJ19: 13 | CK19: =IFERROR(CJ19/CI19," ") -> 0.72222222 | CL19: 0 | CM19: 0 | CN19: 0 | CO19: 0 | CS19: 23 | CT19: 12 | CU19: =IFERROR(CT19/CS19," ") -> 0.52173913 | CV19: 12 | CW19: 0 | CX19: 12 | CY19: 156 | DC19: 18 | DD19: 15 | DE19: =IFERROR(DD19/DC19," ") -> 0.83333333 | DF19: 12 | DG19: 0 | DH19: 12 | DI19: 156 | DM19: 15 | DN19: 12 | DO19: =IFERROR(DN19/DM19," ") -> 0.8 | DP19: 15 | DQ19: 6 | DR19: 21 | DS19: 252 | DW19: 19 | DX19: 19 | DY19: =IFERROR(DX19/DW19," ") -> 1 | DZ19: 12 | EA19: 12 | EB19: 24 | EC19: 312 | EG19: 19 | EH19: 19 | EI19: =IFERROR(EH19/EG19," ") -> 1 | EJ19: 0 | EK19: 14 | EL19: 14 | EM19: 168 | EQ19: 11 | ER19: 10 | ES19: =IFERROR(ER19/EQ19," ") -> 0.90909091 | ET19: 14 | EV19: 14 | EW19: 168 | FC19: =IFERROR(FB19/FA19," ") | FH19: =SUM(FD19:FG19) -> 0 | FN19: =IFERROR(FM19/FL19," ") | FS19: =SUM(FO19:FR19) -> 0 | FY19: =IFERROR(FX19/FW19," ") | GD19: =SUM(FZ19:GC19) -> 0 | GF19: 13 | GG19: Senior | GK19: =IFERROR(SUM(GH19:GJ19)," ") -> 0 | GL19: 0 | GN19: =IFERROR(SUM(GL19:GM19)," ") -> 0 | GO19: =IFERROR(GF19+GK19+GN19," ") -> 13 | GQ19: x | GR19: x | GS19: x | GT19: x | GU19: x | GV19: x | GW19: x | GX19: no | GY19: =IFERROR(IF(IN19>0,"X",""),"") -> X | GZ19: =IFERROR(IF(JC19>0,"X",""),"") -> X | HA19: x | HB19: m | HG19: x | HH19: 0 | HI19: 0 | HJ19: 0 | HK19: 0 | HL19: m | HM19: =IFERROR(IF(OR(IT19>0,IU19>0,IV19>0),"x",""),"") -> x | HN19: n/a | HO19: m | HP19: =IFERROR(IF(OR(JI19>0,JJ19>0,JK19>0),"x",""),"") -> x | HQ19: n/a | HS19: x | HU19: m | HZ19: x | IA19: m | IC19: x | ID19: 19/20 | IE19: x | IF19: x | IG19: x | IH19: x | II19: x | IJ19: x | IK19: x | IN19: 7 | IU19: 5.3 | JA19: =COUNTIF(IO19:IZ19,">=0.0") -> 1 | JC19: 5 | JJ19: 4.4 | JP19: =COUNTIF(JD19:JO19,">=0.0") -> 1 | LN19: =IFERROR(ROWS($IL$8:IL19)," ") -> 12 | LO19: =IFERROR(IF([1]Checklist!$C$3='GenInfo (2)'!E19,'GenInfo (2)'!LN19," ")," ") | LP19: =IFERROR(SMALL($LO$8:$LO$94,ROWS($IL$8:IL19))," ") | LQ19: =IFERROR(ROWS($IL$8:IL19)," ") -> 12 | LR19: =IFERROR(IF([1]Checklist!$C$4='GenInfo (2)'!E19,'GenInfo (2)'!LQ19," ")," ") | LS19: =IFERROR(SMALL($LR$8:$LR$94,ROWS($IL$8:IL19))," ") | LT19: =IFERROR(ROWS($IL$8:IL19)," ") -> 12 | LU19: =IFERROR(IF([1]Checklist!$C$5='GenInfo (2)'!E19,'GenInfo (2)'!LT19," ")," ") | LV19: =IFERROR(SMALL($LU$8:$LU$94,ROWS($IL$8:IL19))," ") | LW19: =IFERROR(ROWS($IL$8:IL19)," ") -> 12 | LX19: =IFERROR(IF([1]Checklist!$C$6='GenInfo (2)'!E19,'GenInfo (2)'!LW19," ")," ") -> 12 | LY19: =IFERROR(SMALL($LX$8:$LX$94,ROWS($IL$8:IL19))," ") | LZ19: =IFERROR(ROWS($IL$8:IL19)," ") -> 12 | MA19: =IFERROR(IF([1]Checklist!$C$7='GenInfo (2)'!E19,'GenInfo (2)'!LZ19," ")," ") | MB19: =IFERROR(SMALL($MA$8:$MA$94,ROWS($IL$8:IL19))," ") | MC19: =IFERROR(ROWS($IL$8:IL19)," ") -> 12 | MD19: =IFERROR(IF([1]Checklist!$C$8='GenInfo (2)'!E19,'GenInfo (2)'!MC19," ")," ") | ME19: =IFERROR(SMALL($MD$8:$MD$94,ROWS($IL$8:IL19))," ") | MF19: =IFERROR(ROWS($IL$8:IL19)," ") -> 12 | MG19: =IFERROR(IF([1]Checklist!$C$9='GenInfo (2)'!E19,'GenInfo (2)'!MF19," ")," ") | MH19: =IFERROR(SMALL($MG$8:$MG$94,ROWS($IL$8:IL19))," ") | MI19: =IFERROR(ROWS($IL$8:$IL19)," ") -> 12 | MJ19: =IFERROR(IF([1]Checklist!$C$10='GenInfo (2)'!E19,'GenInfo (2)'!MI19," ")," ") | MK19: =IFERROR(SMALL($MJ$8:$MJ$94,ROWS($IL$8:IL19))," ") | ML19: =IFERROR(ROWS($IL$8:IL19)," ") -> 12 | MM19: =IFERROR(IF([1]Checklist!$C$11='GenInfo (2)'!E19,'GenInfo (2)'!ML19," ")," ") | MN19: =IFERROR(SMALL($MM$8:$MM$94,ROWS($IL$8:IL19))," ") | MO19: =IFERROR(ROWS($IL$8:IL19)," ") -> 12 | MP19: =IFERROR(IF([1]Checklist!$C$12='GenInfo (2)'!E19,'GenInfo (2)'!MO19," ")," ") | MQ19: =IFERROR(SMALL($MP$8:$MP$94,ROWS($IL$8:IL19))," ") | MR19: =IFERROR(ROWS($IL$8:IL19)," ") -> 12 | MS19: =IFERROR(IF([1]Checklist!$C$13='GenInfo (2)'!E19,'GenInfo (2)'!MR19," ")," ") | MT19: =IFERROR(SMALL($MS$8:$MS$94,ROWS($IL$8:IL19))," ") | MU19: =IFERROR(ROWS($IL$8:IL19)," ") -> 12 | MV19: =IFERROR(IF([1]Checklist!$C$14='GenInfo (2)'!E19,'GenInfo (2)'!MU19," ")," ") | MW19: =IFERROR(SMALL($MV$8:$MV$94,ROWS($IL$8:IL19))," ") | MX19: =IFERROR(ROWS($IL$8:IL19)," ") -> 12 | MY19: =IFERROR(IF([1]Checklist!$C$15='GenInfo (2)'!E19,'GenInfo (2)'!MX19," ")," ") | MZ19: =IFERROR(SMALL($MY$8:$MY$94,ROWS($IL$8:IL19))," ") | NA19: =IFERROR(ROWS($IL$8:IL19)," ") -> 12 | NB19: =IFERROR(IF([1]Checklist!$C$16='GenInfo (2)'!E19,'GenInfo (2)'!NA19," ")," ") | NC19: =IFERROR(SMALL($NB$8:$NB$94,ROWS($IL$8:IL19))," ") | ND19: =IFERROR(ROWS($IL$8:IL19)," ") -> 12 | NE19: =IFERROR(IF([1]Checklist!$C$17='GenInfo (2)'!E19,'GenInfo (2)'!ND19," ")," ") | NF19: =IFERROR(SMALL($NE$8:$NE$94,ROWS($IL$8:IL19))," ")
A20: x | B20: 91 | C20: Sample12 | D20: Student12 | E20: Community Youth Development Institute | F20: U6888687 | G20: Discharged | I20: SSample12@asn.com | J20: 773-555-0012 | V20: 42704 | W20: 43739 | X20: Truant | Y20: 43739 | Z20: Emancipated | AB20: Tashiana Phillips | AC20: 773-777-7112 | AD20: tashianap@yos.org | AE20: Youth outreach Services | AF20: 6417 W. Irving Park Road | AH20: Chicago | AI20: IL | AJ20: 60634 | AL20: =IFERROR(DATEDIF(AN20,V20,"y"),"") -> 18 | AM20: =IFERROR(DATEDIF($AN20,TODAY(),"y"),"") -> 23 | AN20: 36043 | AO20: =IFERROR(DATEDIF(TODAY(),EDATE(AN20,(12*21)),"m"),"") | AP20: F | AQ20: African American | AR20: Foster home | AS20: 2 | AT20: 180 | AV20: 3 | AX20: Pending | AY20: No | AZ20: No | BA20: No | BE20: =IFERROR(COUNTIF(CI20,">0")+COUNTIF(CS20,">0")+COUNTIF(DC20,">0")+COUNTIF(DM20,">0")+COUNTIF(DW20,">0")+COUNTIF(EG20,">0")," ") -> 1 | BF20: =IFERROR(COUNTIF(CJ20,">0")+COUNTIF(CT20,">0")+COUNTIF(DD20,">0")+COUNTIF(DN20,">0")+COUNTIF(DX20,">0")+COUNTIF(EH20,">0")," ") -> 0 | BG20: =IFERROR(COUNTIF(CK20,"<49.5%")+COUNTIF(CU20,"<49.5%")+COUNTIF(DE20,"<49.5%")+COUNTIF(DO20,"<49.5%")+COUNTIF(DY20,"<49.5%")+COUNTIF(EI20,"<49.5%")," ") -> 1 | BH20: =IFERROR(AVERAGE(CK20,CU20,DE20,DO20,DY20,EI20)," ") -> 0 | BI20: =IFERROR(BG20/BE20," ") -> 1 | BJ20: =IFERROR(COUNTIF(CN20,">0")+COUNTIF(CW20,">0")+COUNTIF(DH20,">0")+COUNTIF(DR20,">0")+COUNTIF(EB20,">0")+COUNTIF(EL20,">0")," ") -> 0 | BK20: =IFERROR(BJ20/BE20," ") -> 0 | BL20: =IFERROR(SUM(BV20,CD20,CN20,CW20,DH20,DR20,EB20,EL20),"") -> 0 | BM20: =IFERROR(SUM(BW20,CE20,CO20,CX20,DI20,DS20,EC20,EM20),"") -> 0 | BQ20: 21 | BR20: 0 | BS20: =IFERROR(BR20/BQ20," ") -> 0 | BT20: 0 | BU20: 0 | BV20: 0 | BW20: 0 | CA20: 22 | CB20: 0 | CC20: =IFERROR(CB20/CA20," ") -> 0 | CD20: 0 | CE20: 0 | CI20: 20 | CJ20: 0 | CK20: =IFERROR(CJ20/CI20," ") -> 0 | CL20: 0 | CM20: 0 | CN20: 0 | CO20: 0 | CU20: =IFERROR(CT20/CS20," ") | CV20: 0 | CW20: 0 | CX20: 0 | CY20: 0 | DE20: =IFERROR(DD20/DC20," ") | DF20: 0 | DG20: 0 | DH20: 0 | DI20: 0 | DO20: =IFERROR(DN20/DM20," ") | DP20: 0 | DQ20: 0 | DR20: 0 | DS20: 0 | DY20: =IFERROR(DX20/DW20," ") | DZ20: 0 | EA20: 0 | EB20: 0 | EC20: 0 | EI20: =IFERROR(EH20/EG20," ") | EJ20: 0 | EK20: 0 | EL20: 0 | EM20: 0 | ES20: =IFERROR(ER20/EQ20," ") | ET20: 0 | EV20: 0 | EW20: 0 | FC20: =IFERROR(FB20/FA20," ") | FH20: =SUM(FD20:FG20) -> 0 | FN20: =IFERROR(FM20/FL20," ") | FS20: =SUM(FO20:FR20) -> 0 | FY20: =IFERROR(FX20/FW20," ") | GD20: =SUM(FZ20:GC20) -> 0 | GF20: 0 | GG20: Pending | GK20: =IFERROR(SUM(GH20:GJ20)," ") -> 0 | GN20: =IFERROR(SUM(GL20:GM20)," ") -> 0 | GO20: =IFERROR(GF20+GK20+GN20," ") -> 0 | GQ20: x | GR20: x | GS20: x | GT20: x | GU20: x | GV20: x | GW20: x | GX20: no | GY20: =IFERROR(IF(IN20>0,"X",""),"") -> X | GZ20: =IFERROR(IF(JC20>0,"X",""),"") -> X | HA20: x | HB20: x | HC20: 0 | HD20: 0 | HE20: 0 | HF20: 0 | HG20: x | HH20: 0 | HI20: 0 | HJ20: 0 | HK20: 0 | HL20: n/a | HM20: =IFERROR(IF(OR(IT20>0,IU20>0,IV20>0),"x",""),"") | HN20: =IFERROR(IF(OR(IW20>0,IX20>0,IY20>0,IZ20>0),"x",""),"") | HO20: n/a | HP20: n/a | HQ20: n/a | HZ20: m | IC20: x | ID20: 19/20 | IE20: x | IF20: x | IG20: x | IH20: x | II20: x | IJ20: x | IK20: x | IN20: 7.9 | JA20: =COUNTIF(IO20:IZ20,">=0.0") -> 0 | JC20: 5.8 | JP20: =COUNTIF(JD20:JO20,">=0.0") -> 0 | LN20: =IFERROR(ROWS($IL$8:IL20)," ") -> 13 | LO20: =IFERROR(IF([1]Checklist!$C$3='GenInfo (2)'!E20,'GenInfo (2)'!LN20," ")," ") | LP20: =IFERROR(SMALL($LO$8:$LO$94,ROWS($IL$8:IL20))," ") | LQ20: =IFERROR(ROWS($IL$8:IL20)," ") -> 13 | LR20: =IFERROR(IF([1]Checklist!$C$4='GenInfo (2)'!E20,'GenInfo (2)'!LQ20," ")," ") | LS20: =IFERROR(SMALL($LR$8:$LR$94,ROWS($IL$8:IL20))," ") | LT20: =IFERROR(ROWS($IL$8:IL20)," ") -> 13 | LU20: =IFERROR(IF([1]Checklist!$C$5='GenInfo (2)'!E20,'GenInfo (2)'!LT20," ")," ") | LV20: =IFERROR(SMALL($LU$8:$LU$94,ROWS($IL$8:IL20))," ") | LW20: =IFERROR(ROWS($IL$8:IL20)," ") -> 13 | LX20: =IFERROR(IF([1]Checklist!$C$6='GenInfo (2)'!E20,'GenInfo (2)'!LW20," ")," ") | LY20: =IFERROR(SMALL($LX$8:$LX$94,ROWS($IL$8:IL20))," ") | LZ20: =IFERROR(ROWS($IL$8:IL20)," ") -> 13 | MA20: =IFERROR(IF([1]Checklist!$C$7='GenInfo (2)'!E20,'GenInfo (2)'!LZ20," ")," ") -> 13 | MB20: =IFERROR(SMALL($MA$8:$MA$94,ROWS($IL$8:IL20))," ") | MC20: =IFERROR(ROWS($IL$8:IL20)," ") -> 13 | MD20: =IFERROR(IF([1]Checklist!$C$8='GenInfo (2)'!E20,'GenInfo (2)'!MC20," ")," ") | ME20: =IFERROR(SMALL($MD$8:$MD$94,ROWS($IL$8:IL20))," ") | MF20: =IFERROR(ROWS($IL$8:IL20)," ") -> 13 | MG20: =IFERROR(IF([1]Checklist!$C$9='GenInfo (2)'!E20,'GenInfo (2)'!MF20," ")," ") | MH20: =IFERROR(SMALL($MG$8:$MG$94,ROWS($IL$8:IL20))," ") | MI20: =IFERROR(ROWS($IL$8:$IL20)," ") -> 13 | MJ20: =IFERROR(IF([1]Checklist!$C$10='GenInfo (2)'!E20,'GenInfo (2)'!MI20," ")," ") | MK20: =IFERROR(SMALL($MJ$8:$MJ$94,ROWS($IL$8:IL20))," ") | ML20: =IFERROR(ROWS($IL$8:IL20)," ") -> 13 | MM20: =IFERROR(IF([1]Checklist!$C$11='GenInfo (2)'!E20,'GenInfo (2)'!ML20," ")," ") | MN20: =IFERROR(SMALL($MM$8:$MM$94,ROWS($IL$8:IL20))," ") | MO20: =IFERROR(ROWS($IL$8:IL20)," ") -> 13 | MP20: =IFERROR(IF([1]Checklist!$C$12='GenInfo (2)'!E20,'GenInfo (2)'!MO20," ")," ") | MQ20: =IFERROR(SMALL($MP$8:$MP$94,ROWS($IL$8:IL20))," ") | MR20: =IFERROR(ROWS($IL$8:IL20)," ") -> 13 | MS20: =IFERROR(IF([1]Checklist!$C$13='GenInfo (2)'!E20,'GenInfo (2)'!MR20," ")," ") | MT20: =IFERROR(SMALL($MS$8:$MS$94,ROWS($IL$8:IL20))," ") | MU20: =IFERROR(ROWS($IL$8:IL20)," ") -> 13 | MV20: =IFERROR(IF([1]Checklist!$C$14='GenInfo (2)'!E20,'GenInfo (2)'!MU20," ")," ") | MW20: =IFERROR(SMALL($MV$8:$MV$94,ROWS($IL$8:IL20))," ") | MX20: =IFERROR(ROWS($IL$8:IL20)," ") -> 13 | MY20: =IFERROR(IF([1]Checklist!$C$15='GenInfo (2)'!E20,'GenInfo (2)'!MX20," ")," ") | MZ20: =IFERROR(SMALL($MY$8:$MY$94,ROWS($IL$8:IL20))," ") | NA20: =IFERROR(ROWS($IL$8:IL20)," ") -> 13 | NB20: =IFERROR(IF([1]Checklist!$C$16='GenInfo (2)'!E20,'GenInfo (2)'!NA20," ")," ") | NC20: =IFERROR(SMALL($NB$8:$NB$94,ROWS($IL$8:IL20))," ") | ND20: =IFERROR(ROWS($IL$8:IL20)," ") -> 13 | NE20: =IFERROR(IF([1]Checklist!$C$17='GenInfo (2)'!E20,'GenInfo (2)'!ND20," ")," ") | NF20: =IFERROR(SMALL($NE$8:$NE$94,ROWS($IL$8:IL20))," ")
A21: x | B21: 94 | C21: Sample13 | D21: Student13 | E21: Community Youth Development Institute | F21: W9798985 | G21: Enrolled | I21: SSample13@asn.com | J21: 773-555-0013 | L21: 43860 | M21: 43860 | N21: x | O21: 43831 | R21: Accepted | V21: 43879 | W21: Current | AL21: =IFERROR(DATEDIF(AN21,V21,"y"),"") -> 16 | AM21: =IFERROR(DATEDIF($AN21,TODAY(),"y"),"") -> 18 | AN21: 37967 | AO21: =IFERROR(DATEDIF(TODAY(),EDATE(AN21,(12*21)),"m"),"") -> 34 | AP21: F | AQ21: African American | AR21: Foster home | AX21: Junior | AY21: Unk | AZ21: NO | BA21: No | BE21: =IFERROR(COUNTIF(CI21,">0")+COUNTIF(CS21,">0")+COUNTIF(DC21,">0")+COUNTIF(DM21,">0")+COUNTIF(DW21,">0")+COUNTIF(EG21,">0")," ") -> 1 | BF21: =IFERROR(COUNTIF(CJ21,">0")+COUNTIF(CT21,">0")+COUNTIF(DD21,">0")+COUNTIF(DN21,">0")+COUNTIF(DX21,">0")+COUNTIF(EH21,">0")," ") -> 1 | BG21: =IFERROR(COUNTIF(CK21,"<49.5%")+COUNTIF(CU21,"<49.5%")+COUNTIF(DE21,"<49.5%")+COUNTIF(DO21,"<49.5%")+COUNTIF(DY21,"<49.5%")+COUNTIF(EI21,"<49.5%")," ") -> 0 | BH21: =IFERROR(AVERAGE(CK21,CU21,DE21,DO21,DY21,EI21)," ") -> 0.88888889 | BI21: =IFERROR(BG21/BE21," ") -> 0 | BJ21: =IFERROR(COUNTIF(CN21,">0")+COUNTIF(CW21,">0")+COUNTIF(DH21,">0")+COUNTIF(DR21,">0")+COUNTIF(EB21,">0")+COUNTIF(EL21,">0")," ") -> 0 | BK21: =IFERROR(BJ21/BE21," ") -> 0 | BL21: =IFERROR(SUM(BV21,CD21,CN21,CW21,DH21,DR21,EB21,EL21),"") -> 0 | BM21: =IFERROR(SUM(BW21,CE21,CO21,CX21,DI21,DS21,EC21,EM21),"") -> 0 | BS21: =IFERROR(BR21/BQ21," ") | BV21: 0 | BW21: 0 | CC21: =IFERROR(CB21/CA21," ") | CE21: 0 | CK21: =IFERROR(CJ21/CI21," ") | CO21: 0 | CU21: =IFERROR(CT21/CS21," ") | CY21: 0 | DE21: =IFERROR(DD21/DC21," ") | DI21: 0 | DO21: =IFERROR(DN21/DM21," ") | DS21: 0 | DY21: =IFERROR(DX21/DW21," ") | DZ21: 0 | EA21: 0 | EB21: 0 | EC21: 0 | EG21: 9 | EH21: 8 | EI21: =IFERROR(EH21/EG21," ") -> 0.88888889 | EJ21: 0 | EK21: 0 | EL21: 0 | EM21: 0 | EQ21: 10 | ER21: 8 | ES21: =IFERROR(ER21/EQ21," ") -> 0.8 | ET21: 9 | EV21: 9 | EW21: 54 | FC21: =IFERROR(FB21/FA21," ") | FH21: =SUM(FD21:FG21) -> 0 | FN21: =IFERROR(FM21/FL21," ") | FS21: =SUM(FO21:FR21) -> 0 | FY21: =IFERROR(FX21/FW21," ") | GD21: =SUM(FZ21:GC21) -> 0 | GK21: =IFERROR(SUM(GH21:GJ21)," ") -> 0 | GN21: =IFERROR(SUM(GL21:GM21)," ") -> 0 | GO21: =IFERROR(GF21+GK21+GN21," ") | GQ21: x | GR21: x | GS21: x | GT21: m | GU21: m | GV21: m | GW21: m | GY21: m | GZ21: m | HA21: x | HB21: x | HG21: x | HL21: =IFERROR(IF(OR(IQ21>0,IR21>0,IS21>0),"x",""),"") | HM21: =IFERROR(IF(OR(IT21>0,IU21>0,IV21>0),"x",""),"") | HN21: n/a | HO21: =IFERROR(IF(OR(JE21>0,JF21>0,JG21>0,JH21>0),"x",""),"") | HP21: =IFERROR(IF(OR(JI21>0,JJ21>0,JK21>0),"x",""),"") | HQ21: n/a | HU21: x | IC21: m | IL21: x | JA21: =COUNTIF(IO21:IZ21,">=0.0") -> 0 | JP21: =COUNTIF(JD21:JO21,">=0.0") -> 0 | LN21: =IFERROR(ROWS($IL$8:IL21)," ") -> 14 | LO21: =IFERROR(IF([1]Checklist!$C$3='GenInfo (2)'!E21,'GenInfo (2)'!LN21," ")," ") | LP21: =IFERROR(SMALL($LO$8:$LO$94,ROWS($IL$8:IL21))," ") | LQ21: =IFERROR(ROWS($IL$8:IL21)," ") -> 14 | LR21: =IFERROR(IF([1]Checklist!$C$4='GenInfo (2)'!E21,'GenInfo (2)'!LQ21," ")," ") | LS21: =IFERROR(SMALL($LR$8:$LR$94,ROWS($IL$8:IL21))," ") | LT21: =IFERROR(ROWS($IL$8:IL21)," ") -> 14 | LU21: =IFERROR(IF([1]Checklist!$C$5='GenInfo (2)'!E21,'GenInfo (2)'!LT21," ")," ") | LV21: =IFERROR(SMALL($LU$8:$LU$94,ROWS($IL$8:IL21))," ") | LW21: =IFERROR(ROWS($IL$8:IL21)," ") -> 14 | LX21: =IFERROR(IF([1]Checklist!$C$6='GenInfo (2)'!E21,'GenInfo (2)'!LW21," ")," ") | LY21: =IFERROR(SMALL($LX$8:$LX$94,ROWS($IL$8:IL21))," ") | LZ21: =IFERROR(ROWS($IL$8:IL21)," ") -> 14 | MA21: =IFERROR(IF([1]Checklist!$C$7='GenInfo (2)'!E21,'GenInfo (2)'!LZ21," ")," ") -> 14 | MB21: =IFERROR(SMALL($MA$8:$MA$94,ROWS($IL$8:IL21))," ") | MC21: =IFERROR(ROWS($IL$8:IL21)," ") -> 14 | MD21: =IFERROR(IF([1]Checklist!$C$8='GenInfo (2)'!E21,'GenInfo (2)'!MC21," ")," ") | ME21: =IFERROR(SMALL($MD$8:$MD$94,ROWS($IL$8:IL21))," ") | MF21: =IFERROR(ROWS($IL$8:IL21)," ") -> 14 | MG21: =IFERROR(IF([1]Checklist!$C$9='GenInfo (2)'!E21,'GenInfo (2)'!MF21," ")," ") | MH21: =IFERROR(SMALL($MG$8:$MG$94,ROWS($IL$8:IL21))," ") | MI21: =IFERROR(ROWS($IL$8:$IL21)," ") -> 14 | MJ21: =IFERROR(IF([1]Checklist!$C$10='GenInfo (2)'!E21,'GenInfo (2)'!MI21," ")," ") | MK21: =IFERROR(SMALL($MJ$8:$MJ$94,ROWS($IL$8:IL21))," ") | ML21: =IFERROR(ROWS($IL$8:IL21)," ") -> 14 | MM21: =IFERROR(IF([1]Checklist!$C$11='GenInfo (2)'!E21,'GenInfo (2)'!ML21," ")," ") | MN21: =IFERROR(SMALL($MM$8:$MM$94,ROWS($IL$8:IL21))," ") | MO21: =IFERROR(ROWS($IL$8:IL21)," ") -> 14 | MP21: =IFERROR(IF([1]Checklist!$C$12='GenInfo (2)'!E21,'GenInfo (2)'!MO21," ")," ") | MQ21: =IFERROR(SMALL($MP$8:$MP$94,ROWS($IL$8:IL21))," ") | MR21: =IFERROR(ROWS($IL$8:IL21)," ") -> 14 | MS21: =IFERROR(IF([1]Checklist!$C$13='GenInfo (2)'!E21,'GenInfo (2)'!MR21," ")," ") | MT21: =IFERROR(SMALL($MS$8:$MS$94,ROWS($IL$8:IL21))," ") | MU21: =IFERROR(ROWS($IL$8:IL21)," ") -> 14 | MV21: =IFERROR(IF([1]Checklist!$C$14='GenInfo (2)'!E21,'GenInfo (2)'!MU21," ")," ") | MW21: =IFERROR(SMALL($MV$8:$MV$94,ROWS($IL$8:IL21))," ") | MX21: =IFERROR(ROWS($IL$8:IL21)," ") -> 14 | MY21: =IFERROR(IF([1]Checklist!$C$15='GenInfo (2)'!E21,'GenInfo (2)'!MX21," ")," ") | MZ21: =IFERROR(SMALL($MY$8:$MY$94,ROWS($IL$8:IL21))," ") | NA21: =IFERROR(ROWS($IL$8:IL21)," ") -> 14 | NB21: =IFERROR(IF([1]Checklist!$C$16='GenInfo (2)'!E21,'GenInfo (2)'!NA21," ")," ") | NC21: =IFERROR(SMALL($NB$8:$NB$94,ROWS($IL$8:IL21))," ") | ND21: =IFERROR(ROWS($IL$8:IL21)," ") -> 14 | NE21: =IFERROR(IF([1]Checklist!$C$17='GenInfo (2)'!E21,'GenInfo (2)'!ND21," ")," ") | NF21: =IFERROR(SMALL($NE$8:$NE$94,ROWS($IL$8:IL21))," ")
A22: x | B22: 99 | C22: Sample14 | D22: Student14 | E22: Community Youth Development Institute | F22: U9589885 | G22: Enrolled | I22: SSample14@asn.com | J22: 773-555-0014 | L22: 43879 | M22: 43879 | N22: x | O22: 43862 | P22: 43879 | Q22: 43908 | V22: 43900 | W22: Current | AB22: Taylor Dole | AC22: (815) 768-5432 | AE22: Our Chhildrens Homestead | AL22: =IFERROR(DATEDIF(AN22,V22,"y"),"") -> 19 | AM22: 18 | AN22: 36938 | AO22: =IFERROR(DATEDIF(TODAY(),EDATE(AN22,(12*21)),"m"),"") -> 0 | AP22: F | AQ22: African American | AR22: Foster home | AS22: 1 | AT22: Unk | AU22: 12 | AV22: 3 | AW22: Unk | AX22: Senior | AY22: Unk | AZ22: No | BA22: No | BE22: =IFERROR(COUNTIF(CI22,">0")+COUNTIF(CS22,">0")+COUNTIF(DC22,">0")+COUNTIF(DM22,">0")+COUNTIF(DW22,">0")+COUNTIF(EG22,">0")," ") -> 0 | BF22: =IFERROR(COUNTIF(CJ22,">0")+COUNTIF(CT22,">0")+COUNTIF(DD22,">0")+COUNTIF(DN22,">0")+COUNTIF(DX22,">0")+COUNTIF(EH22,">0")," ") -> 0 | BG22: =IFERROR(COUNTIF(CK22,"<49.5%")+COUNTIF(CU22,"<49.5%")+COUNTIF(DE22,"<49.5%")+COUNTIF(DO22,"<49.5%")+COUNTIF(DY22,"<49.5%")+COUNTIF(EI22,"<49.5%")," ") -> 0 | BH22: =IFERROR(AVERAGE(CK22,CU22,DE22,DO22,DY22,EI22)," ") | BI22: =IFERROR(BG22/BE22," ") | BJ22: =IFERROR(COUNTIF(CN22,">0")+COUNTIF(CW22,">0")+COUNTIF(DH22,">0")+COUNTIF(DR22,">0")+COUNTIF(EB22,">0")+COUNTIF(EL22,">0")," ") -> 0 | BK22: =IFERROR(BJ22/BE22," ") | BL22: =IFERROR(SUM(BV22,CD22,CN22,CW22,DH22,DR22,EB22,EL22),"") -> 0 | BM22: =IFERROR(SUM(BW22,CE22,CO22,CX22,DI22,DS22,EC22,EM22),"") -> 0 | BS22: =IFERROR(BR22/BQ22," ") | BV22: 0 | BW22: 0 | CC22: =IFERROR(CB22/CA22," ") | CE22: 0 | CK22: =IFERROR(CJ22/CI22," ") | CO22: 0 | CU22: =IFERROR(CT22/CS22," ") | CY22: 0 | DE22: =IFERROR(DD22/DC22," ") | DI22: 0 | DO22: =IFERROR(DN22/DM22," ") | DS22: 0 | DY22: =IFERROR(DX22/DW22," ") | DZ22: 0 | EA22: 0 | EB22: 0 | EC22: 0 | EI22: =IFERROR(EH22/EG22," ") | EJ22: 0 | EK22: 0 | EL22: 0 | EM22: 0 | EQ22: 10 | ER22: 9 | ES22: =IFERROR(ER22/EQ22," ") -> 0.9 | ET22: 0 | EV22: 0 | EW22: 0 | FC22: =IFERROR(FB22/FA22," ") | FH22: =SUM(FD22:FG22) -> 0 | FN22: =IFERROR(FM22/FL22," ") | FS22: =SUM(FO22:FR22) -> 0 | FY22: =IFERROR(FX22/FW22," ") | GD22: =SUM(FZ22:GC22) -> 0 | GK22: =IFERROR(SUM(GH22:GJ22)," ") -> 0 | GN22: =IFERROR(SUM(GL22:GM22)," ") -> 0 | GO22: =IFERROR(GF22+GK22+GN22," ") | GQ22: x | GR22: x | GS22: x | GT22: x | GU22: r | GV22: r | GW22: r | GX22: unk | GY22: n/a | GZ22: n/a | HA22: x | HB22: x | HL22: =IFERROR(IF(OR(IQ22>0,IR22>0,IS22>0),"x",""),"") | HM22: =IFERROR(IF(OR(IT22>0,IU22>0,IV22>0),"x",""),"") | HN22: n/a | HO22: =IFERROR(IF(OR(JE22>0,JF22>0,JG22>0,JH22>0),"x",""),"") | HP22: =IFERROR(IF(OR(JI22>0,JJ22>0,JK22>0),"x",""),"") | HQ22: n/a | HU22: x | IL22: x | JA22: =COUNTIF(IO22:IZ22,">=0.0") -> 0 | JP22: =COUNTIF(JD22:JO22,">=0.0") -> 0 | LN22: =IFERROR(ROWS($IL$8:IL22)," ") -> 15 | LO22: =IFERROR(IF([1]Checklist!$C$3='GenInfo (2)'!E22,'GenInfo (2)'!LN22," ")," ") | LP22: =IFERROR(SMALL($LO$8:$LO$94,ROWS($IL$8:IL22))," ") | LQ22: =IFERROR(ROWS($IL$8:IL22)," ") -> 15 | LR22: =IFERROR(IF([1]Checklist!$C$4='GenInfo (2)'!E22,'GenInfo (2)'!LQ22," ")," ") | LS22: =IFERROR(SMALL($LR$8:$LR$94,ROWS($IL$8:IL22))," ") | LT22: =IFERROR(ROWS($IL$8:IL22)," ") -> 15 | LU22: =IFERROR(IF([1]Checklist!$C$5='GenInfo (2)'!E22,'GenInfo (2)'!LT22," ")," ") | LV22: =IFERROR(SMALL($LU$8:$LU$94,ROWS($IL$8:IL22))," ") | LW22: =IFERROR(ROWS($IL$8:IL22)," ") -> 15 | LX22: =IFERROR(IF([1]Checklist!$C$6='GenInfo (2)'!E22,'GenInfo (2)'!LW22," ")," ") | LY22: =IFERROR(SMALL($LX$8:$LX$94,ROWS($IL$8:IL22))," ") | LZ22: =IFERROR(ROWS($IL$8:IL22)," ") -> 15 | MA22: =IFERROR(IF([1]Checklist!$C$7='GenInfo (2)'!E22,'GenInfo (2)'!LZ22," ")," ") -> 15 | MB22: =IFERROR(SMALL($MA$8:$MA$94,ROWS($IL$8:IL22))," ") | MC22: =IFERROR(ROWS($IL$8:IL22)," ") -> 15 | MD22: =IFERROR(IF([1]Checklist!$C$8='GenInfo (2)'!E22,'GenInfo (2)'!MC22," ")," ") | ME22: =IFERROR(SMALL($MD$8:$MD$94,ROWS($IL$8:IL22))," ") | MF22: =IFERROR(ROWS($IL$8:IL22)," ") -> 15 | MG22: =IFERROR(IF([1]Checklist!$C$9='GenInfo (2)'!E22,'GenInfo (2)'!MF22," ")," ") | MH22: =IFERROR(SMALL($MG$8:$MG$94,ROWS($IL$8:IL22))," ") | MI22: =IFERROR(ROWS($IL$8:$IL22)," ") -> 15 | MJ22: =IFERROR(IF([1]Checklist!$C$10='GenInfo (2)'!E22,'GenInfo (2)'!MI22," ")," ") | MK22: =IFERROR(SMALL($MJ$8:$MJ$94,ROWS($IL$8:IL22))," ") | ML22: =IFERROR(ROWS($IL$8:IL22)," ") -> 15 | MM22: =IFERROR(IF([1]Checklist!$C$11='GenInfo (2)'!E22,'GenInfo (2)'!ML22," ")," ") | MN22: =IFERROR(SMALL($MM$8:$MM$94,ROWS($IL$8:IL22))," ") | MO22: =IFERROR(ROWS($IL$8:IL22)," ") -> 15 | MP22: =IFERROR(IF([1]Checklist!$C$12='GenInfo (2)'!E22,'GenInfo (2)'!MO22," ")," ") | MQ22: =IFERROR(SMALL($MP$8:$MP$94,ROWS($IL$8:IL22))," ") | MR22: =IFERROR(ROWS($IL$8:IL22)," ") -> 15 | MS22: =IFERROR(IF([1]Checklist!$C$13='GenInfo (2)'!E22,'GenInfo (2)'!MR22," ")," ") | MT22: =IFERROR(SMALL($MS$8:$MS$94,ROWS($IL$8:IL22))," ") | MU22: =IFERROR(ROWS($IL$8:IL22)," ") -> 15 | MV22: =IFERROR(IF([1]Checklist!$C$14='GenInfo (2)'!E22,'GenInfo (2)'!MU22," ")," ") | MW22: =IFERROR(SMALL($MV$8:$MV$94,ROWS($IL$8:IL22))," ") | MX22: =IFERROR(ROWS($IL$8:IL22)," ") -> 15 | MY22: =IFERROR(IF([1]Checklist!$C$15='GenInfo (2)'!E22,'GenInfo (2)'!MX22," ")," ") | MZ22: =IFERROR(SMALL($MY$8:$MY$94,ROWS($IL$8:IL22))," ") | NA22: =IFERROR(ROWS($IL$8:IL22)," ") -> 15 | NB22: =IFERROR(IF([1]Checklist!$C$16='GenInfo (2)'!E22,'GenInfo (2)'!NA22," ")," ") | NC22: =IFERROR(SMALL($NB$8:$NB$94,ROWS($IL$8:IL22))," ") | ND22: =IFERROR(ROWS($IL$8:IL22)," ") -> 15 | NE22: =IFERROR(IF([1]Checklist!$C$17='GenInfo (2)'!E22,'GenInfo (2)'!ND22," ")," ") | NF22: =IFERROR(SMALL($NE$8:$NE$94,ROWS($IL$8:IL22))," ")
A23: x | B23: 103 | C23: Sample15 | D23: Student15 | E23: Community Youth Development Institute | F23: S8778886 | G23: Discharged | I23: SSample15@asn.com | J23: 773-555-0015 | L23: 43685 | M23: 43685 | N23: x | O23: 43678 | P23: 43686 | Q23: 43717 | R23: Accepted | V23: 43716 | W23: 43801 | X23: On run | Y23: 43836 | Z23: On run | AB23: Lydia Batten | AC23: 708-210-2840 | AD23: lydia.batten2@illinois.gov | AE23: DCFS | AF23: 15115 Dixie Hwy | AH23: Harvey | AI23: IL | AJ23: 60426 | AL23: =IFERROR(DATEDIF(AN23,V23,"y"),"") -> 19 | AM23: =IFERROR(DATEDIF($AN23,TODAY(),"y"),"") -> 22 | AN23: 36473 | AO23: =IFERROR(DATEDIF(TODAY(),EDATE(AN23,(12*21)),"m"),"") | AP23: F | AQ23: Latino/Hispanic | AR23: Independent living | AS23: 1 | AU23: 15 | AV23: 10 | AW23: 120 | AX23: Freshman | AY23: No | AZ23: Pregnant | BA23: Pregnant | BB23: 43791 | BE23: =IFERROR(COUNTIF(CI23,">0")+COUNTIF(CS23,">0")+COUNTIF(DC23,">0")+COUNTIF(DM23,">0")+COUNTIF(DW23,">0")+COUNTIF(EG23,">0")," ") -> 4 | BF23: =IFERROR(COUNTIF(CJ23,">0")+COUNTIF(CT23,">0")+COUNTIF(DD23,">0")+COUNTIF(DN23,">0")+COUNTIF(DX23,">0")+COUNTIF(EH23,">0")," ") -> 1 | BG23: =IFERROR(COUNTIF(CK23,"<49.5%")+COUNTIF(CU23,"<49.5%")+COUNTIF(DE23,"<49.5%")+COUNTIF(DO23,"<49.5%")+COUNTIF(DY23,"<49.5%")+COUNTIF(EI23,"<49.5%")," ") -> 3 | BH23: =IFERROR(AVERAGE(CK23,CU23,DE23,DO23,DY23,EI23)," ") -> 0.13888889 | BI23: =IFERROR(BG23/BE23," ") -> 0.75 | BJ23: =IFERROR(COUNTIF(CN23,">0")+COUNTIF(CW23,">0")+COUNTIF(DH23,">0")+COUNTIF(DR23,">0")+COUNTIF(EB23,">0")+COUNTIF(EL23,">0")," ") -> 0 | BK23: =IFERROR(BJ23/BE23," ") -> 0 | BL23: =IFERROR(SUM(BV23,CD23,CN23,CW23,DH23,DR23,EB23,EL23),"") -> 0 | BM23: =IFERROR(SUM(BW23,CE23,CO23,CX23,DI23,DS23,EC23,EM23),"") -> 0 | BS23: =IFERROR(BR23/BQ23," ") | BT23: 0 | BU23: 0 | BV23: 0 | BW23: 0 | CA23: 17 | CB23: 2 | CC23: =IFERROR(CB23/CA23," ") -> 0.11764706 | CD23: 0 | CE23: 0 | CI23: 18 | CJ23: 10 | CK23: =IFERROR(CJ23/CI23," ") -> 0.55555556 | CL23: 0 | CM23: 0 | CN23: 0 | CO23: 0 | CS23: 22 | CT23: 0 | CU23: =IFERROR(CT23/CS23," ") -> 0 | CV23: 0 | CW23: 0 | CX23: 0 | CY23: 0 | DC23: 16 | DD23: 0 | DE23: =IFERROR(DD23/DC23," ") -> 0 | DF23: 0 | DG23: 0 | DH23: 0 | DI23: 0 | DM23: 15 | DN23: 0 | DO23: =IFERROR(DN23/DM23," ") -> 0 | DP23: 0 | DQ23: 0 | DR23: 0 | DS23: 0 | DY23: =IFERROR(DX23/DW23," ") | DZ23: 0 | EA23: 0 | EB23: 0 | EC23: 0 | EI23: =IFERROR(EH23/EG23," ") | EJ23: 0 | EK23: 0 | EL23: 0 | EM23: 0 | ES23: =IFERROR(ER23/EQ23," ") | ET23: 0 | EV23: 0 | EW23: 0 | FC23: =IFERROR(FB23/FA23," ") | FH23: =SUM(FD23:FG23) -> 0 | FN23: =IFERROR(FM23/FL23," ") | FS23: =SUM(FO23:FR23) -> 0 | FY23: =IFERROR(FX23/FW23," ") | GD23: =SUM(FZ23:GC23) -> 0 | GF23: 0 | GG23: Freshman | GK23: =IFERROR(SUM(GH23:GJ23)," ") -> 0 | GN23: =IFERROR(SUM(GL23:GM23)," ") -> 0 | GO23: =IFERROR(GF23+GK23+GN23," ") -> 0 | GQ23: x | GR23: x | GS23: x | GT23: r | GU23: x | GV23: x | GW23: x | GX23: no | GY23: m | GZ23: m | HA23: r | HB23: m | HC23: x | HD23: x | HE23: x | HF23: x | HG23: x | HL23: n/a | HM23: =IFERROR(IF(OR(IT23>0,IU23>0,IV23>0),"x",""),"") | HN23: =IFERROR(IF(OR(IW23>0,IX23>0,IY23>0,IZ23>0),"x",""),"") | HO23: n/a | HP23: =IFERROR(IF(OR(JI23>0,JJ23>0,JK23>0),"x",""),"") | HQ23: =IFERROR(IF(OR(JL23>0,JM23>0,JN23>0,JO23>0),"x",""),"") | HS23: x | HZ23: n/a | IC23: m | ID23: 19/20 | IE23: x | IF23: x | IG23: x | IH23: x | II23: x | IJ23: x | IK23: x | JA23: =COUNTIF(IO23:IZ23,">=0.0") -> 0 | JP23: =COUNTIF(JD23:JO23,">=0.0") -> 0 | LN23: =IFERROR(ROWS($IL$8:IL23)," ") -> 16 | LO23: =IFERROR(IF([1]Checklist!$C$3='GenInfo (2)'!E23,'GenInfo (2)'!LN23," ")," ") | LP23: =IFERROR(SMALL($LO$8:$LO$94,ROWS($IL$8:IL23))," ") | LQ23: =IFERROR(ROWS($IL$8:IL23)," ") -> 16 | LR23: =IFERROR(IF([1]Checklist!$C$4='GenInfo (2)'!E23,'GenInfo (2)'!LQ23," ")," ") | LS23: =IFERROR(SMALL($LR$8:$LR$94,ROWS($IL$8:IL23))," ") | LT23: =IFERROR(ROWS($IL$8:IL23)," ") -> 16 | LU23: =IFERROR(IF([1]Checklist!$C$5='GenInfo (2)'!E23,'GenInfo (2)'!LT23," ")," ") | LV23: =IFERROR(SMALL($LU$8:$LU$94,ROWS($IL$8:IL23))," ") | LW23: =IFERROR(ROWS($IL$8:IL23)," ") -> 16 | LX23: =IFERROR(IF([1]Checklist!$C$6='GenInfo (2)'!E23,'GenInfo (2)'!LW23," ")," ") | LY23: =IFERROR(SMALL($LX$8:$LX$94,ROWS($IL$8:IL23))," ") | LZ23: =IFERROR(ROWS($IL$8:IL23)," ") -> 16 | MA23: =IFERROR(IF([1]Checklist!$C$7='GenInfo (2)'!E23,'GenInfo (2)'!LZ23," ")," ") -> 16 | MB23: =IFERROR(SMALL($MA$8:$MA$94,ROWS($IL$8:IL23))," ") | MC23: =IFERROR(ROWS($IL$8:IL23)," ") -> 16 | MD23: =IFERROR(IF([1]Checklist!$C$8='GenInfo (2)'!E23,'GenInfo (2)'!MC23," ")," ") | ME23: =IFERROR(SMALL($MD$8:$MD$94,ROWS($IL$8:IL23))," ") | MF23: =IFERROR(ROWS($IL$8:IL23)," ") -> 16 | MG23: =IFERROR(IF([1]Checklist!$C$9='GenInfo (2)'!E23,'GenInfo (2)'!MF23," ")," ") | MH23: =IFERROR(SMALL($MG$8:$MG$94,ROWS($IL$8:IL23))," ") | MI23: =IFERROR(ROWS($IL$8:$IL23)," ") -> 16 | MJ23: =IFERROR(IF([1]Checklist!$C$10='GenInfo (2)'!E23,'GenInfo (2)'!MI23," ")," ") | MK23: =IFERROR(SMALL($MJ$8:$MJ$94,ROWS($IL$8:IL23))," ") | ML23: =IFERROR(ROWS($IL$8:IL23)," ") -> 16 | MM23: =IFERROR(IF([1]Checklist!$C$11='GenInfo (2)'!E23,'GenInfo (2)'!ML23," ")," ") | MN23: =IFERROR(SMALL($MM$8:$MM$94,ROWS($IL$8:IL23))," ") | MO23: =IFERROR(ROWS($IL$8:IL23)," ") -> 16 | MP23: =IFERROR(IF([1]Checklist!$C$12='GenInfo (2)'!E23,'GenInfo (2)'!MO23," ")," ") | MQ23: =IFERROR(SMALL($MP$8:$MP$94,ROWS($IL$8:IL23))," ") | MR23: =IFERROR(ROWS($IL$8:IL23)," ") -> 16 | MS23: =IFERROR(IF([1]Checklist!$C$13='GenInfo (2)'!E23,'GenInfo (2)'!MR23," ")," ") | MT23: =IFERROR(SMALL($MS$8:$MS$94,ROWS($IL$8:IL23))," ") | MU23: =IFERROR(ROWS($IL$8:IL23)," ") -> 16 | MV23: =IFERROR(IF([1]Checklist!$C$14='GenInfo (2)'!E23,'GenInfo (2)'!MU23," ")," ") | MW23: =IFERROR(SMALL($MV$8:$MV$94,ROWS($IL$8:IL23))," ") | MX23: =IFERROR(ROWS($IL$8:IL23)," ") -> 16 | MY23: =IFERROR(IF([1]Checklist!$C$15='GenInfo (2)'!E23,'GenInfo (2)'!MX23," ")," ") | MZ23: =IFERROR(SMALL($MY$8:$MY$94,ROWS($IL$8:IL23))," ") | NA23: =IFERROR(ROWS($IL$8:IL23)," ") -> 16 | NB23: =IFERROR(IF([1]Checklist!$C$16='GenInfo (2)'!E23,'GenInfo (2)'!NA23," ")," ") | NC23: =IFERROR(SMALL($NB$8:$NB$94,ROWS($IL$8:IL23))," ") | ND23: =IFERROR(ROWS($IL$8:IL23)," ") -> 16 | NE23: =IFERROR(IF([1]Checklist!$C$17='GenInfo (2)'!E23,'GenInfo (2)'!ND23," ")," ") | NF23: =IFERROR(SMALL($NE$8:$NE$94,ROWS($IL$8:IL23))," ")
A24: x | B24: 118 | C24: Sample16 | D24: Student16 | E24: Dr. Pedro Albizu Campos Hs | F24: S7896685 | G24: School Exit | I24: SSample16@asn.com | J24: 773-555-0016 | L24: 43865 | M24: 43866 | N24: x | O24: 43862 | P24: 43867 | Q24: 43896 | V24: 43895 | W24: 44012 | X24: Graduated | AB24: Christine Sierra | AC24: 773-941-2085 | AD24: christina.sierra@illinois.gov | AE24: Lutheran Child and Family Services | AF24: 7601 S. Kostner | AH24: Chicago | AI24: IL | AJ24: 60652 | AL24: =IFERROR(DATEDIF(AN24,V24,"y"),"") -> 19 | AM24: =IFERROR(DATEDIF($AN24,TODAY(),"y"),"") -> 21 | AN24: 36895 | AO24: =IFERROR(DATEDIF(TODAY(),EDATE(AN24,(12*21)),"m"),"") | AP24: F | AQ24: African American | AR24: Foster home | AS24: 1 | AT24: 5 | AU24: 15 | AV24: 3 | AW24: 1 | AX24: Senior | AY24: Unk | AZ24: No | BA24: No | BE24: =IFERROR(COUNTIF(CI24,">0")+COUNTIF(CS24,">0")+COUNTIF(DC24,">0")+COUNTIF(DM24,">0")+COUNTIF(DW24,">0")+COUNTIF(EG24,">0")," ") -> 0 | BF24: =IFERROR(COUNTIF(CJ24,">0")+COUNTIF(CT24,">0")+COUNTIF(DD24,">0")+COUNTIF(DN24,">0")+COUNTIF(DX24,">0")+COUNTIF(EH24,">0")," ") -> 0 | BG24: =IFERROR(COUNTIF(CK24,"<49.5%")+COUNTIF(CU24,"<49.5%")+COUNTIF(DE24,"<49.5%")+COUNTIF(DO24,"<49.5%")+COUNTIF(DY24,"<49.5%")+COUNTIF(EI24,"<49.5%")," ") -> 0 | BH24: =IFERROR(AVERAGE(CK24,CU24,DE24,DO24,DY24,EI24)," ") | BI24: =IFERROR(BG24/BE24," ") | BJ24: =IFERROR(COUNTIF(CN24,">0")+COUNTIF(CW24,">0")+COUNTIF(DH24,">0")+COUNTIF(DR24,">0")+COUNTIF(EB24,">0")+COUNTIF(EL24,">0")," ") -> 0 | BK24: =IFERROR(BJ24/BE24," ") | BL24: =IFERROR(SUM(BV24,CD24,CN24,CW24,DH24,DR24,EB24,EL24),"") -> 0 | BM24: =IFERROR(SUM(BW24,CE24,CO24,CX24,DI24,DS24,EC24,EM24),"") -> 0 | BS24: =IFERROR(BR24/BQ24," ") | BV24: 0 | BW24: 0 | CC24: =IFERROR(CB24/CA24," ") | CE24: 0 | CK24: =IFERROR(CJ24/CI24," ") | CO24: 0 | CU24: =IFERROR(CT24/CS24," ") | CY24: 0 | DE24: =IFERROR(DD24/DC24," ") | DI24: 0 | DO24: =IFERROR(DN24/DM24," ") | DS24: 0 | DY24: =IFERROR(DX24/DW24," ") | DZ24: 0 | EA24: 0 | EB24: 0 | EC24: 0 | EI24: =IFERROR(EH24/EG24," ") | EJ24: 0 | EK24: 0 | EL24: 0 | EM24: 0 | EQ24: 8 | ER24: 5 | ES24: =IFERROR(ER24/EQ24," ") -> 0.625 | ET24: 0 | EV24: 0 | EW24: 0 | FC24: =IFERROR(FB24/FA24," ") | FH24: =SUM(FD24:FG24) -> 0 | FN24: =IFERROR(FM24/FL24," ") | FS24: =SUM(FO24:FR24) -> 0 | FY24: =IFERROR(FX24/FW24," ") | GD24: =SUM(FZ24:GC24) -> 0 | GK24: =IFERROR(SUM(GH24:GJ24)," ") -> 0 | GN24: =IFERROR(SUM(GL24:GM24)," ") -> 0 | GO24: =IFERROR(GF24+GK24+GN24," ") | GQ24: x | GR24: x | GS24: x | GT24: x | GU24: x | GV24: m | GW24: m | GX24: x | GY24: n/a | GZ24: n/a | HA24: x | HB24: x | HG24: m | HL24: =IFERROR(IF(OR(IQ24>0,IR24>0,IS24>0),"x",""),"") | HM24: =IFERROR(IF(OR(IT24>0,IU24>0,IV24>0),"x",""),"") | HN24: n/a | HO24: =IFERROR(IF(OR(JE24>0,JF24>0,JG24>0,JH24>0),"x",""),"") | HP24: =IFERROR(IF(OR(JI24>0,JJ24>0,JK24>0),"x",""),"") | HQ24: n/a | HU24: x | IC24: m | IE24: x | IF24: x | IG24: x | IH24: x | II24: x | IJ24: x | IK24: x | JA24: =COUNTIF(IO24:IZ24,">=0.0") -> 0 | JP24: =COUNTIF(JD24:JO24,">=0.0") -> 0 | LN24: =IFERROR(ROWS($IL$8:IL24)," ") -> 17 | LO24: =IFERROR(IF([1]Checklist!$C$3='GenInfo (2)'!E24,'GenInfo (2)'!LN24," ")," ") | LP24: =IFERROR(SMALL($LO$8:$LO$94,ROWS($IL$8:IL24))," ") | LQ24: =IFERROR(ROWS($IL$8:IL24)," ") -> 17 | LR24: =IFERROR(IF([1]Checklist!$C$4='GenInfo (2)'!E24,'GenInfo (2)'!LQ24," ")," ") | LS24: =IFERROR(SMALL($LR$8:$LR$94,ROWS($IL$8:IL24))," ") | LT24: =IFERROR(ROWS($IL$8:IL24)," ") -> 17 | LU24: =IFERROR(IF([1]Checklist!$C$5='GenInfo (2)'!E24,'GenInfo (2)'!LT24," ")," ") | LV24: =IFERROR(SMALL($LU$8:$LU$94,ROWS($IL$8:IL24))," ") | LW24: =IFERROR(ROWS($IL$8:IL24)," ") -> 17 | LX24: =IFERROR(IF([1]Checklist!$C$6='GenInfo (2)'!E24,'GenInfo (2)'!LW24," ")," ") | LY24: =IFERROR(SMALL($LX$8:$LX$94,ROWS($IL$8:IL24))," ") | LZ24: =IFERROR(ROWS($IL$8:IL24)," ") -> 17 | MA24: =IFERROR(IF([1]Checklist!$C$7='GenInfo (2)'!E24,'GenInfo (2)'!LZ24," ")," ") | MB24: =IFERROR(SMALL($MA$8:$MA$94,ROWS($IL$8:IL24))," ") | MC24: =IFERROR(ROWS($IL$8:IL24)," ") -> 17 | MD24: =IFERROR(IF([1]Checklist!$C$8='GenInfo (2)'!E24,'GenInfo (2)'!MC24," ")," ") -> 17 | ME24: =IFERROR(SMALL($MD$8:$MD$94,ROWS($IL$8:IL24))," ") | MF24: =IFERROR(ROWS($IL$8:IL24)," ") -> 17 | MG24: =IFERROR(IF([1]Checklist!$C$9='GenInfo (2)'!E24,'GenInfo (2)'!MF24," ")," ") | MH24: =IFERROR(SMALL($MG$8:$MG$94,ROWS($IL$8:IL24))," ") | MI24: =IFERROR(ROWS($IL$8:$IL24)," ") -> 17 | MJ24: =IFERROR(IF([1]Checklist!$C$10='GenInfo (2)'!E24,'GenInfo (2)'!MI24," ")," ") | MK24: =IFERROR(SMALL($MJ$8:$MJ$94,ROWS($IL$8:IL24))," ") | ML24: =IFERROR(ROWS($IL$8:IL24)," ") -> 17 | MM24: =IFERROR(IF([1]Checklist!$C$11='GenInfo (2)'!E24,'GenInfo (2)'!ML24," ")," ") | MN24: =IFERROR(SMALL($MM$8:$MM$94,ROWS($IL$8:IL24))," ") | MO24: =IFERROR(ROWS($IL$8:IL24)," ") -> 17 | MP24: =IFERROR(IF([1]Checklist!$C$12='GenInfo (2)'!E24,'GenInfo (2)'!MO24," ")," ") | MQ24: =IFERROR(SMALL($MP$8:$MP$94,ROWS($IL$8:IL24))," ") | MR24: =IFERROR(ROWS($IL$8:IL24)," ") -> 17 | MS24: =IFERROR(IF([1]Checklist!$C$13='GenInfo (2)'!E24,'GenInfo (2)'!MR24," ")," ") | MT24: =IFERROR(SMALL($MS$8:$MS$94,ROWS($IL$8:IL24))," ") | MU24: =IFERROR(ROWS($IL$8:IL24)," ") -> 17 | MV24: =IFERROR(IF([1]Checklist!$C$14='GenInfo (2)'!E24,'GenInfo (2)'!MU24," ")," ") | MW24: =IFERROR(SMALL($MV$8:$MV$94,ROWS($IL$8:IL24))," ") | MX24: =IFERROR(ROWS($IL$8:IL24)," ") -> 17 | MY24: =IFERROR(IF([1]Checklist!$C$15='GenInfo (2)'!E24,'GenInfo (2)'!MX24," ")," ") | MZ24: =IFERROR(SMALL($MY$8:$MY$94,ROWS($IL$8:IL24))," ") | NA24: =IFERROR(ROWS($IL$8:IL24)," ") -> 17 | NB24: =IFERROR(IF([1]Checklist!$C$16='GenInfo (2)'!E24,'GenInfo (2)'!NA24," ")," ") | NC24: =IFERROR(SMALL($NB$8:$NB$94,ROWS($IL$8:IL24))," ") | ND24: =IFERROR(ROWS($IL$8:IL24)," ") -> 17 | NE24: =IFERROR(IF([1]Checklist!$C$17='GenInfo (2)'!E24,'GenInfo (2)'!ND24," ")," ") | NF24: =IFERROR(SMALL($NE$8:$NE$94,ROWS($IL$8:IL24))," ")
A25: x | B25: 125 | C25: Sample17 | D25: Student17 | E25: Excel Academy | G25: Not approved by DCFS | I25: SSample17@asn.com | J25: 773-555-0017 | L25: 43885 | R25: Not approved by DCFS | T25: Other | AL25: =IFERROR(DATEDIF(AN25,V25,"y"),"") -> 0 | AM25: =IFERROR(DATEDIF($AN25,TODAY(),"y"),"") -> 122 | AO25: =IFERROR(DATEDIF(TODAY(),EDATE(AN25,(12*21)),"m"),"") | AQ25: African American | AR25: Unauthorized | BE25: =IFERROR(COUNTIF(CI25,">0")+COUNTIF(CS25,">0")+COUNTIF(DC25,">0")+COUNTIF(DM25,">0")+COUNTIF(DW25,">0")+COUNTIF(EG25,">0")," ") -> 0 | BF25: =IFERROR(COUNTIF(CJ25,">0")+COUNTIF(CT25,">0")+COUNTIF(DD25,">0")+COUNTIF(DN25,">0")+COUNTIF(DX25,">0")+COUNTIF(EH25,">0")," ") -> 0 | BG25: =IFERROR(COUNTIF(CK25,"<49.5%")+COUNTIF(CU25,"<49.5%")+COUNTIF(DE25,"<49.5%")+COUNTIF(DO25,"<49.5%")+COUNTIF(DY25,"<49.5%")+COUNTIF(EI25,"<49.5%")," ") -> 0 | BH25: =IFERROR(AVERAGE(CK25,CU25,DE25,DO25,DY25,EI25)," ") | BI25: =IFERROR(BG25/BE25," ") | BJ25: =IFERROR(COUNTIF(CN25,">0")+COUNTIF(CW25,">0")+COUNTIF(DH25,">0")+COUNTIF(DR25,">0")+COUNTIF(EB25,">0")+COUNTIF(EL25,">0")," ") -> 0 | BK25: =IFERROR(BJ25/BE25," ") | BL25: =IFERROR(SUM(BV25,CD25,CN25,CW25,DH25,DR25,EB25,EL25),"") -> 0 | BM25: =IFERROR(SUM(BW25,CE25,CO25,CX25,DI25,DS25,EC25,EM25),"") -> 0 | BS25: =IFERROR(BR25/BQ25," ") | BV25: 0 | BW25: 0 | CC25: =IFERROR(CB25/CA25," ") | CE25: 0 | CK25: =IFERROR(CJ25/CI25," ") | CO25: 0 | CU25: =IFERROR(CT25/CS25," ") | CY25: 0 | DE25: =IFERROR(DD25/DC25," ") | DI25: 0 | DO25: =IFERROR(DN25/DM25," ") | DS25: 0 | DY25: =IFERROR(DX25/DW25," ") | DZ25: 0 | EA25: 0 | EB25: 0 | EC25: 0 | EI25: =IFERROR(EH25/EG25," ") | EJ25: 0 | EK25: 0 | EL25: 0 | EM25: 0 | ES25: =IFERROR(ER25/EQ25," ") | ET25: 0 | EV25: 0 | EW25: 0 | FC25: =IFERROR(FB25/FA25," ") | FH25: =SUM(FD25:FG25) -> 0 | FN25: =IFERROR(FM25/FL25," ") | FS25: =SUM(FO25:FR25) -> 0 | FY25: =IFERROR(FX25/FW25," ") | GD25: =SUM(FZ25:GC25) -> 0 | GK25: =IFERROR(SUM(GH25:GJ25)," ") -> 0 | GN25: =IFERROR(SUM(GL25:GM25)," ") -> 0 | GO25: =IFERROR(GF25+GK25+GN25," ") | GY25: =IFERROR(IF(IN25>0,"X",""),"") | GZ25: =IFERROR(IF(JC25>0,"X",""),"") | HL25: =IFERROR(IF(OR(IQ25>0,IR25>0,IS25>0),"x",""),"") | HM25: =IFERROR(IF(OR(IT25>0,IU25>0,IV25>0),"x",""),"") | HN25: =IFERROR(IF(OR(IW25>0,IX25>0,IY25>0,IZ25>0),"x",""),"") | HO25: =IFERROR(IF(OR(JE25>0,JF25>0,JG25>0,JH25>0),"x",""),"") | HP25: =IFERROR(IF(OR(JI25>0,JJ25>0,JK25>0),"x",""),"") | HQ25: =IFERROR(IF(OR(JL25>0,JM25>0,JN25>0,JO25>0),"x",""),"") | JA25: =COUNTIF(IO25:IZ25,">=0.0") -> 0 | JP25: =COUNTIF(JD25:JO25,">=0.0") -> 0 | LN25: =IFERROR(ROWS($IL$8:IL25)," ") -> 18 | LO25: =IFERROR(IF([1]Checklist!$C$3='GenInfo (2)'!E25,'GenInfo (2)'!LN25," ")," ") | LP25: =IFERROR(SMALL($LO$8:$LO$94,ROWS($IL$8:IL25))," ") | LQ25: =IFERROR(ROWS($IL$8:IL25)," ") -> 18 | LR25: =IFERROR(IF([1]Checklist!$C$4='GenInfo (2)'!E25,'GenInfo (2)'!LQ25," ")," ") | LS25: =IFERROR(SMALL($LR$8:$LR$94,ROWS($IL$8:IL25))," ") | LT25: =IFERROR(ROWS($IL$8:IL25)," ") -> 18 | LU25: =IFERROR(IF([1]Checklist!$C$5='GenInfo (2)'!E25,'GenInfo (2)'!LT25," ")," ") | LV25: =IFERROR(SMALL($LU$8:$LU$94,ROWS($IL$8:IL25))," ") | LW25: =IFERROR(ROWS($IL$8:IL25)," ") -> 18 | LX25: =IFERROR(IF([1]Checklist!$C$6='GenInfo (2)'!E25,'GenInfo (2)'!LW25," ")," ") | LY25: =IFERROR(SMALL($LX$8:$LX$94,ROWS($IL$8:IL25))," ") | LZ25: =IFERROR(ROWS($IL$8:IL25)," ") -> 18 | MA25: =IFERROR(IF([1]Checklist!$C$7='GenInfo (2)'!E25,'GenInfo (2)'!LZ25," ")," ") | MB25: =IFERROR(SMALL($MA$8:$MA$94,ROWS($IL$8:IL25))," ") | MC25: =IFERROR(ROWS($IL$8:IL25)," ") -> 18 | MD25: =IFERROR(IF([1]Checklist!$C$8='GenInfo (2)'!E25,'GenInfo (2)'!MC25," ")," ") | ME25: =IFERROR(SMALL($MD$8:$MD$94,ROWS($IL$8:IL25))," ") | MF25: =IFERROR(ROWS($IL$8:IL25)," ") -> 18 | MG25: =IFERROR(IF([1]Checklist!$C$9='GenInfo (2)'!E25,'GenInfo (2)'!MF25," ")," ") -> 18 | MH25: =IFERROR(SMALL($MG$8:$MG$94,ROWS($IL$8:IL25))," ") | MI25: =IFERROR(ROWS($IL$8:$IL25)," ") -> 18 | MJ25: =IFERROR(IF([1]Checklist!$C$10='GenInfo (2)'!E25,'GenInfo (2)'!MI25," ")," ") | MK25: =IFERROR(SMALL($MJ$8:$MJ$94,ROWS($IL$8:IL25))," ") | ML25: =IFERROR(ROWS($IL$8:IL25)," ") -> 18 | MM25: =IFERROR(IF([1]Checklist!$C$11='GenInfo (2)'!E25,'GenInfo (2)'!ML25," ")," ") | MN25: =IFERROR(SMALL($MM$8:$MM$94,ROWS($IL$8:IL25))," ") | MO25: =IFERROR(ROWS($IL$8:IL25)," ") -> 18 | MP25: =IFERROR(IF([1]Checklist!$C$12='GenInfo (2)'!E25,'GenInfo (2)'!MO25," ")," ") | MQ25: =IFERROR(SMALL($MP$8:$MP$94,ROWS($IL$8:IL25))," ") | MR25: =IFERROR(ROWS($IL$8:IL25)," ") -> 18 | MS25: =IFERROR(IF([1]Checklist!$C$13='GenInfo (2)'!E25,'GenInfo (2)'!MR25," ")," ") | MT25: =IFERROR(SMALL($MS$8:$MS$94,ROWS($IL$8:IL25))," ") | MU25: =IFERROR(ROWS($IL$8:IL25)," ") -> 18 | MV25: =IFERROR(IF([1]Checklist!$C$14='GenInfo (2)'!E25,'GenInfo (2)'!MU25," ")," ") | MW25: =IFERROR(SMALL($MV$8:$MV$94,ROWS($IL$8:IL25))," ") | MX25: =IFERROR(ROWS($IL$8:IL25)," ") -> 18 | MY25: =IFERROR(IF([1]Checklist!$C$15='GenInfo (2)'!E25,'GenInfo (2)'!MX25," ")," ") | MZ25: =IFERROR(SMALL($MY$8:$MY$94,ROWS($IL$8:IL25))," ") | NA25: =IFERROR(ROWS($IL$8:IL25)," ") -> 18 | NB25: =IFERROR(IF([1]Checklist!$C$16='GenInfo (2)'!E25,'GenInfo (2)'!NA25," ")," ") | NC25: =IFERROR(SMALL($NB$8:$NB$94,ROWS($IL$8:IL25))," ") | ND25: =IFERROR(ROWS($IL$8:IL25)," ") -> 18 | NE25: =IFERROR(IF([1]Checklist!$C$17='GenInfo (2)'!E25,'GenInfo (2)'!ND25," ")," ") | NF25: =IFERROR(SMALL($NE$8:$NE$94,ROWS($IL$8:IL25))," ")
A26: x | B26: 127 | C26: Sample18 | D26: Student18 | E26: Excel Academy | F26: 88756985 | G26: Referral not accepted by school | I26: SSample18@asn.com | J26: 773-555-0018 | L26: 43732 | M26: 43733 | N26: x | O26: 43709 | P26: 43733 | Q26: 43763 | AB26: Reynold Riddle-Young | AC26: (618) 583-2634 | AD26: reginald.riddle-young@illinois.gov | AE26: IDCFS | AL26: =IFERROR(DATEDIF(AN26,V26,"y"),"") | AM26: =IFERROR(DATEDIF($AN26,TODAY(),"y"),"") -> 20 | AN26: 37211 | AO26: =IFERROR(DATEDIF(TODAY(),EDATE(AN26,(12*21)),"m"),"") -> 9 | AP26: M | AQ26: African American | AR26: Group home | AX26: Pending | AY26: Unk | AZ26: No | BA26: No | BE26: =IFERROR(COUNTIF(CI26,">0")+COUNTIF(CS26,">0")+COUNTIF(DC26,">0")+COUNTIF(DM26,">0")+COUNTIF(DW26,">0")+COUNTIF(EG26,">0")," ") -> 0 | BF26: =IFERROR(COUNTIF(CJ26,">0")+COUNTIF(CT26,">0")+COUNTIF(DD26,">0")+COUNTIF(DN26,">0")+COUNTIF(DX26,">0")+COUNTIF(EH26,">0")," ") -> 0 | BG26: =IFERROR(COUNTIF(CK26,"<49.5%")+COUNTIF(CU26,"<49.5%")+COUNTIF(DE26,"<49.5%")+COUNTIF(DO26,"<49.5%")+COUNTIF(DY26,"<49.5%")+COUNTIF(EI26,"<49.5%")," ") -> 0 | BH26: =IFERROR(AVERAGE(CK26,CU26,DE26,DO26,DY26,EI26)," ") | BI26: =IFERROR(BG26/BE26," ") | BJ26: =IFERROR(COUNTIF(CN26,">0")+COUNTIF(CW26,">0")+COUNTIF(DH26,">0")+COUNTIF(DR26,">0")+COUNTIF(EB26,">0")+COUNTIF(EL26,">0")," ") -> 0 | BK26: =IFERROR(BJ26/BE26," ") | BL26: =IFERROR(SUM(BV26,CD26,CN26,CW26,DH26,DR26,EB26,EL26),"") -> 0 | BM26: =IFERROR(SUM(BW26,CE26,CO26,CX26,DI26,DS26,EC26,EM26),"") -> 0 | BS26: =IFERROR(BR26/BQ26," ") | BT26: 0 | BU26: 0 | BV26: 0 | BW26: 0 | CC26: =IFERROR(CB26/CA26," ") | CD26: 0 | CE26: 0 | CK26: =IFERROR(CJ26/CI26," ") | CL26: 0 | CM26: 0 | CN26: 0 | CO26: 0 | CU26: =IFERROR(CT26/CS26," ") | CV26: 0 | CW26: 0 | CX26: 0 | CY26: 0 | DE26: =IFERROR(DD26/DC26," ") | DF26: 0 | DG26: 0 | DH26: 0 | DI26: 0 | DO26: =IFERROR(DN26/DM26," ") | DP26: 0 | DQ26: 0 | DR26: 0 | DS26: 0 | DY26: =IFERROR(DX26/DW26," ") | DZ26: 0 | EA26: 0 | EB26: 0 | EC26: 0 | EI26: =IFERROR(EH26/EG26," ") | EJ26: 0 | EK26: 0 | EL26: 0 | EM26: 0 | ES26: =IFERROR(ER26/EQ26," ") | ET26: 0 | EV26: 0 | EW26: 0 | FC26: =IFERROR(FB26/FA26," ") | FH26: =SUM(FD26:FG26) -> 0 | FN26: =IFERROR(FM26/FL26," ") | FS26: =SUM(FO26:FR26) -> 0 | FY26: =IFERROR(FX26/FW26," ") | GD26: =SUM(FZ26:GC26) -> 0 | GF26: 0 | GG26: Pending | GK26: =IFERROR(SUM(GH26:GJ26)," ") -> 0 | GN26: =IFERROR(SUM(GL26:GM26)," ") -> 0 | GO26: =IFERROR(GF26+GK26+GN26," ") -> 0 | GQ26: x | GY26: =IFERROR(IF(IN26>0,"X",""),"") | GZ26: =IFERROR(IF(JC26>0,"X",""),"") | HL26: =IFERROR(IF(OR(IQ26>0,IR26>0,IS26>0),"x",""),"") | HM26: =IFERROR(IF(OR(IT26>0,IU26>0,IV26>0),"x",""),"") | HN26: =IFERROR(IF(OR(IW26>0,IX26>0,IY26>0,IZ26>0),"x",""),"") | HO26: =IFERROR(IF(OR(JE26>0,JF26>0,JG26>0,JH26>0),"x",""),"") | HP26: =IFERROR(IF(OR(JI26>0,JJ26>0,JK26>0),"x",""),"") | HQ26: =IFERROR(IF(OR(JL26>0,JM26>0,JN26>0,JO26>0),"x",""),"") | HZ26: n/a | JA26: =COUNTIF(IO26:IZ26,">=0.0") -> 0 | JP26: =COUNTIF(JD26:JO26,">=0.0") -> 0 | LN26: =IFERROR(ROWS($IL$8:IL26)," ") -> 19 | LO26: =IFERROR(IF([1]Checklist!$C$3='GenInfo (2)'!E26,'GenInfo (2)'!LN26," ")," ") | LP26: =IFERROR(SMALL($LO$8:$LO$94,ROWS($IL$8:IL26))," ") | LQ26: =IFERROR(ROWS($IL$8:IL26)," ") -> 19 | LR26: =IFERROR(IF([1]Checklist!$C$4='GenInfo (2)'!E26,'GenInfo (2)'!LQ26," ")," ") | LS26: =IFERROR(SMALL($LR$8:$LR$94,ROWS($IL$8:IL26))," ") | LT26: =IFERROR(ROWS($IL$8:IL26)," ") -> 19 | LU26: =IFERROR(IF([1]Checklist!$C$5='GenInfo (2)'!E26,'GenInfo (2)'!LT26," ")," ") | LV26: =IFERROR(SMALL($LU$8:$LU$94,ROWS($IL$8:IL26))," ") | LW26: =IFERROR(ROWS($IL$8:IL26)," ") -> 19 | LX26: =IFERROR(IF([1]Checklist!$C$6='GenInfo (2)'!E26,'GenInfo (2)'!LW26," ")," ") | LY26: =IFERROR(SMALL($LX$8:$LX$94,ROWS($IL$8:IL26))," ") | LZ26: =IFERROR(ROWS($IL$8:IL26)," ") -> 19 | MA26: =IFERROR(IF([1]Checklist!$C$7='GenInfo (2)'!E26,'GenInfo (2)'!LZ26," ")," ") | MB26: =IFERROR(SMALL($MA$8:$MA$94,ROWS($IL$8:IL26))," ") | MC26: =IFERROR(ROWS($IL$8:IL26)," ") -> 19 | MD26: =IFERROR(IF([1]Checklist!$C$8='GenInfo (2)'!E26,'GenInfo (2)'!MC26," ")," ") | ME26: =IFERROR(SMALL($MD$8:$MD$94,ROWS($IL$8:IL26))," ") | MF26: =IFERROR(ROWS($IL$8:IL26)," ") -> 19 | MG26: =IFERROR(IF([1]Checklist!$C$9='GenInfo (2)'!E26,'GenInfo (2)'!MF26," ")," ") -> 19 | MH26: =IFERROR(SMALL($MG$8:$MG$94,ROWS($IL$8:IL26))," ") | MI26: =IFERROR(ROWS($IL$8:$IL26)," ") -> 19 | MJ26: =IFERROR(IF([1]Checklist!$C$10='GenInfo (2)'!E26,'GenInfo (2)'!MI26," ")," ") | MK26: =IFERROR(SMALL($MJ$8:$MJ$94,ROWS($IL$8:IL26))," ") | ML26: =IFERROR(ROWS($IL$8:IL26)," ") -> 19 | MM26: =IFERROR(IF([1]Checklist!$C$11='GenInfo (2)'!E26,'GenInfo (2)'!ML26," ")," ") | MN26: =IFERROR(SMALL($MM$8:$MM$94,ROWS($IL$8:IL26))," ") | MO26: =IFERROR(ROWS($IL$8:IL26)," ") -> 19 | MP26: =IFERROR(IF([1]Checklist!$C$12='GenInfo (2)'!E26,'GenInfo (2)'!MO26," ")," ") | MQ26: =IFERROR(SMALL($MP$8:$MP$94,ROWS($IL$8:IL26))," ") | MR26: =IFERROR(ROWS($IL$8:IL26)," ") -> 19 | MS26: =IFERROR(IF([1]Checklist!$C$13='GenInfo (2)'!E26,'GenInfo (2)'!MR26," ")," ") | MT26: =IFERROR(SMALL($MS$8:$MS$94,ROWS($IL$8:IL26))," ") | MU26: =IFERROR(ROWS($IL$8:IL26)," ") -> 19 | MV26: =IFERROR(IF([1]Checklist!$C$14='GenInfo (2)'!E26,'GenInfo (2)'!MU26," ")," ") | MW26: =IFERROR(SMALL($MV$8:$MV$94,ROWS($IL$8:IL26))," ") | MX26: =IFERROR(ROWS($IL$8:IL26)," ") -> 19 | MY26: =IFERROR(IF([1]Checklist!$C$15='GenInfo (2)'!E26,'GenInfo (2)'!MX26," ")," ") | MZ26: =IFERROR(SMALL($MY$8:$MY$94,ROWS($IL$8:IL26))," ") | NA26: =IFERROR(ROWS($IL$8:IL26)," ") -> 19 | NB26: =IFERROR(IF([1]Checklist!$C$16='GenInfo (2)'!E26,'GenInfo (2)'!NA26," ")," ") | NC26: =IFERROR(SMALL($NB$8:$NB$94,ROWS($IL$8:IL26))," ") | ND26: =IFERROR(ROWS($IL$8:IL26)," ") -> 19 | NE26: =IFERROR(IF([1]Checklist!$C$17='GenInfo (2)'!E26,'GenInfo (2)'!ND26," ")," ") | NF26: =IFERROR(SMALL($NE$8:$NE$94,ROWS($IL$8:IL26))," ")
A27: x | B27: 133 | C27: Sample19 | D27: Student19 | E27: Excel Academy | F27: 77888587 | G27: Enrolled | I27: SSample19@asn.com | J27: 773-555-0019 | L27: 43732 | M27: 43733 | N27: x | O27: 43709 | P27: 43733 | Q27: 43763 | R27: Accepted | V27: 43745 | W27: Current | AB27: Nicholas Nasutha | AC27: (309) 428-0271 | AD27: nicholas.j.nasutha@illinois.gov | AL27: =IFERROR(DATEDIF(AN27,V27,"y"),"") -> 16 | AM27: =IFERROR(DATEDIF($AN27,TODAY(),"y"),"") -> 18 | AN27: 37671 | AO27: =IFERROR(DATEDIF(TODAY(),EDATE(AN27,(12*21)),"m"),"") -> 24 | AP27: M | AQ27: African American | AR27: Group home | AV27: 3 | AW27: 60 | AX27: Senior | AY27: Unk | AZ27: No | BA27: No | BE27: =IFERROR(COUNTIF(CI27,">0")+COUNTIF(CS27,">0")+COUNTIF(DC27,">0")+COUNTIF(DM27,">0")+COUNTIF(DW27,">0")+COUNTIF(EG27,">0")," ") -> 5 | BF27: =IFERROR(COUNTIF(CJ27,">0")+COUNTIF(CT27,">0")+COUNTIF(DD27,">0")+COUNTIF(DN27,">0")+COUNTIF(DX27,">0")+COUNTIF(EH27,">0")," ") -> 5 | BG27: =IFERROR(COUNTIF(CK27,"<49.5%")+COUNTIF(CU27,"<49.5%")+COUNTIF(DE27,"<49.5%")+COUNTIF(DO27,"<49.5%")+COUNTIF(DY27,"<49.5%")+COUNTIF(EI27,"<49.5%")," ") -> 2 | BH27: =IFERROR(AVERAGE(CK27,CU27,DE27,DO27,DY27,EI27)," ") -> 0.71118421 | BI27: =IFERROR(BG27/BE27," ") -> 0.4 | BJ27: =IFERROR(COUNTIF(CN27,">0")+COUNTIF(CW27,">0")+COUNTIF(DH27,">0")+COUNTIF(DR27,">0")+COUNTIF(EB27,">0")+COUNTIF(EL27,">0")," ") -> 1 | BK27: =IFERROR(BJ27/BE27," ") -> 0.2 | BL27: =IFERROR(SUM(BV27,CD27,CN27,CW27,DH27,DR27,EB27,EL27),"") -> 20 | BM27: =IFERROR(SUM(BW27,CE27,CO27,CX27,DI27,DS27,EC27,EM27),"") -> 20 | BS27: =IFERROR(BR27/BQ27," ") | BT27: 0 | BU27: 0 | BV27: 0 | BW27: 0 | CC27: =IFERROR(CB27/CA27," ") | CD27: 0 | CE27: 0 | CK27: =IFERROR(CJ27/CI27," ") | CL27: 0 | CM27: 0 | CN27: 0 | CO27: 0 | CS27: 21 | CT27: 21 | CU27: =IFERROR(CT27/CS27," ") -> 1 | CV27: 0 | CW27: 20 | CX27: 20 | CY27: 134 | DC27: 16 | DD27: 3 | DE27: =IFERROR(DD27/DC27," ") -> 0.1875 | DF27: 0 | DG27: 0 | DH27: 0 | DI27: 0 | DM27: 15 | DN27: 15 | DO27: =IFERROR(DN27/DM27," ") -> 1 | DP27: 0 | DQ27: 0 | DR27: 0 | DS27: 0 | DW27: 18 | DX27: 18 | DY27: =IFERROR(DX27/DW27," ") -> 1 | DZ27: 0 | EA27: 0 | EB27: 0 | EC27: 0 | EG27: 19 | EH27: 7 | EI27: =IFERROR(EH27/EG27," ") -> 0.36842105 | EJ27: 0 | EK27: 0 | EL27: 0 | EM27: 0 | EQ27: 0 | ER27: 0 | ES27: =IFERROR(ER27/EQ27," ") | ET27: 0 | EV27: 0 | EW27: 0 | FC27: =IFERROR(FB27/FA27," ") | FH27: =SUM(FD27:FG27) -> 0 | FN27: =IFERROR(FM27/FL27," ") | FS27: =SUM(FO27:FR27) -> 0 | FY27: =IFERROR(FX27/FW27," ") | GD27: =SUM(FZ27:GC27) -> 0 | GF27: 14.5 | GG27: Senior | GK27: =IFERROR(SUM(GH27:GJ27)," ") -> 0 | GN27: =IFERROR(SUM(GL27:GM27)," ") -> 0 | GO27: =IFERROR(GF27+GK27+GN27," ") -> 14.5 | GQ27: x | GR27: x | GS27: x | GT27: x | GU27: x | GV27: m | GW27: m | GX27: m | GY27: m | GZ27: m | HA27: x | HB27: x | HG27: x | HL27: n/a | HM27: =IFERROR(IF(OR(IT27>0,IU27>0,IV27>0),"x",""),"") | HN27: n/a | HO27: n/a | HP27: =IFERROR(IF(OR(JI27>0,JJ27>0,JK27>0),"x",""),"") | HQ27: n/a | HS27: x | HU27: x | HZ27: n/a | IA27: m | IC27: x | ID27: 19/20 | IE27: x | IF27: x | IG27: x | IH27: x | II27: x | IJ27: x | IK27: m | JA27: =COUNTIF(IO27:IZ27,">=0.0") -> 0 | JP27: =COUNTIF(JD27:JO27,">=0.0") -> 0 | JQ27: =JJ27-JE27 -> 0 | LN27: =IFERROR(ROWS($IL$8:IL27)," ") -> 20 | LO27: =IFERROR(IF([1]Checklist!$C$3='GenInfo (2)'!E27,'GenInfo (2)'!LN27," ")," ") | LP27: =IFERROR(SMALL($LO$8:$LO$94,ROWS($IL$8:IL27))," ") | LQ27: =IFERROR(ROWS($IL$8:IL27)," ") -> 20 | LR27: =IFERROR(IF([1]Checklist!$C$4='GenInfo (2)'!E27,'GenInfo (2)'!LQ27," ")," ") | LS27: =IFERROR(SMALL($LR$8:$LR$94,ROWS($IL$8:IL27))," ") | LT27: =IFERROR(ROWS($IL$8:IL27)," ") -> 20 | LU27: =IFERROR(IF([1]Checklist!$C$5='GenInfo (2)'!E27,'GenInfo (2)'!LT27," ")," ") | LV27: =IFERROR(SMALL($LU$8:$LU$94,ROWS($IL$8:IL27))," ") | LW27: =IFERROR(ROWS($IL$8:IL27)," ") -> 20 | LX27: =IFERROR(IF([1]Checklist!$C$6='GenInfo (2)'!E27,'GenInfo (2)'!LW27," ")," ") | LY27: =IFERROR(SMALL($LX$8:$LX$94,ROWS($IL$8:IL27))," ") | LZ27: =IFERROR(ROWS($IL$8:IL27)," ") -> 20 | MA27: =IFERROR(IF([1]Checklist!$C$7='GenInfo (2)'!E27,'GenInfo (2)'!LZ27," ")," ") | MB27: =IFERROR(SMALL($MA$8:$MA$94,ROWS($IL$8:IL27))," ") | MC27: =IFERROR(ROWS($IL$8:IL27)," ") -> 20 | MD27: =IFERROR(IF([1]Checklist!$C$8='GenInfo (2)'!E27,'GenInfo (2)'!MC27," ")," ") | ME27: =IFERROR(SMALL($MD$8:$MD$94,ROWS($IL$8:IL27))," ") | MF27: =IFERROR(ROWS($IL$8:IL27)," ") -> 20 | MG27: =IFERROR(IF([1]Checklist!$C$9='GenInfo (2)'!E27,'GenInfo (2)'!MF27," ")," ") -> 20 | MH27: =IFERROR(SMALL($MG$8:$MG$94,ROWS($IL$8:IL27))," ") | MI27: =IFERROR(ROWS($IL$8:$IL27)," ") -> 20 | MJ27: =IFERROR(IF([1]Checklist!$C$10='GenInfo (2)'!E27,'GenInfo (2)'!MI27," ")," ") | MK27: =IFERROR(SMALL($MJ$8:$MJ$94,ROWS($IL$8:IL27))," ") | ML27: =IFERROR(ROWS($IL$8:IL27)," ") -> 20 | MM27: =IFERROR(IF([1]Checklist!$C$11='GenInfo (2)'!E27,'GenInfo (2)'!ML27," ")," ") | MN27: =IFERROR(SMALL($MM$8:$MM$94,ROWS($IL$8:IL27))," ") | MO27: =IFERROR(ROWS($IL$8:IL27)," ") -> 20 | MP27: =IFERROR(IF([1]Checklist!$C$12='GenInfo (2)'!E27,'GenInfo (2)'!MO27," ")," ") | MQ27: =IFERROR(SMALL($MP$8:$MP$94,ROWS($IL$8:IL27))," ") | MR27: =IFERROR(ROWS($IL$8:IL27)," ") -> 20 | MS27: =IFERROR(IF([1]Checklist!$C$13='GenInfo (2)'!E27,'GenInfo (2)'!MR27," ")," ") | MT27: =IFERROR(SMALL($MS$8:$MS$94,ROWS($IL$8:IL27))," ") | MU27: =IFERROR(ROWS($IL$8:IL27)," ") -> 20 | MV27: =IFERROR(IF([1]Checklist!$C$14='GenInfo (2)'!E27,'GenInfo (2)'!MU27," ")," ") | MW27: =IFERROR(SMALL($MV$8:$MV$94,ROWS($IL$8:IL27))," ") | MX27: =IFERROR(ROWS($IL$8:IL27)," ") -> 20 | MY27: =IFERROR(IF([1]Checklist!$C$15='GenInfo (2)'!E27,'GenInfo (2)'!MX27," ")," ") | MZ27: =IFERROR(SMALL($MY$8:$MY$94,ROWS($IL$8:IL27))," ") | NA27: =IFERROR(ROWS($IL$8:IL27)," ") -> 20 | NB27: =IFERROR(IF([1]Checklist!$C$16='GenInfo (2)'!E27,'GenInfo (2)'!NA27," ")," ") | NC27: =IFERROR(SMALL($NB$8:$NB$94,ROWS($IL$8:IL27))," ") | ND27: =IFERROR(ROWS($IL$8:IL27)," ") -> 20 | NE27: =IFERROR(IF([1]Checklist!$C$17='GenInfo (2)'!E27,'GenInfo (2)'!ND27," ")," ") | NF27: =IFERROR(SMALL($NE$8:$NE$94,ROWS($IL$8:IL27))," ")
A28: x | B28: 137 | C28: Sample20 | D28: Student20 | E28: Innovations Hs | F28: P6766585 | G28: Discharged | I28: SSample20@asn.com | J28: 773-555-0020 | V28: 43518 | W28: 43646 | X28: Truant | Y28: 43709 | Z28: Truant | AL28: =IFERROR(DATEDIF(AN28,V28,"y"),"") -> 16 | AM28: =IFERROR(DATEDIF($AN28,TODAY(),"y"),"") -> 19 | AN28: 37511 | AO28: =IFERROR(DATEDIF(TODAY(),EDATE(AN28,(12*21)),"m"),"") -> 19 | AP28: m | AQ28: African American | AR28: Home of relative | AX28: Freshman | AY28: Yes | AZ28: No | BA28: No | BE28: =IFERROR(COUNTIF(CI28,">0")+COUNTIF(CS28,">0")+COUNTIF(DC28,">0")+COUNTIF(DM28,">0")+COUNTIF(DW28,">0")+COUNTIF(EG28,">0")," ") -> 0 | BF28: =IFERROR(COUNTIF(CJ28,">0")+COUNTIF(CT28,">0")+COUNTIF(DD28,">0")+COUNTIF(DN28,">0")+COUNTIF(DX28,">0")+COUNTIF(EH28,">0")," ") -> 0 | BG28: =IFERROR(COUNTIF(CK28,"<49.5%")+COUNTIF(CU28,"<49.5%")+COUNTIF(DE28,"<49.5%")+COUNTIF(DO28,"<49.5%")+COUNTIF(DY28,"<49.5%")+COUNTIF(EI28,"<49.5%")," ") -> 0 | BH28: =IFERROR(AVERAGE(CK28,CU28,DE28,DO28,DY28,EI28)," ") | BI28: =IFERROR(BG28/BE28," ") | BJ28: =IFERROR(COUNTIF(CN28,">0")+COUNTIF(CW28,">0")+COUNTIF(DH28,">0")+COUNTIF(DR28,">0")+COUNTIF(EB28,">0")+COUNTIF(EL28,">0")," ") -> 0 | BK28: =IFERROR(BJ28/BE28," ") | BL28: =IFERROR(SUM(BV28,CD28,CN28,CW28,DH28,DR28,EB28,EL28),"") -> 0 | BM28: =IFERROR(SUM(BW28,CE28,CO28,CX28,DI28,DS28,EC28,EM28),"") -> 0 | BS28: =IFERROR(BR28/BQ28," ") | BT28: 0 | BU28: 0 | BV28: 0 | BW28: 0 | CC28: =IFERROR(CB28/CA28," ") | CD28: 0 | CE28: 0 | CK28: =IFERROR(CJ28/CI28," ") | CL28: 0 | CM28: 0 | CN28: 0 | CO28: 0 | CU28: =IFERROR(CT28/CS28," ") | CV28: 0 | CW28: 0 | CX28: 0 | CY28: 0 | DE28: =IFERROR(DD28/DC28," ") | DF28: 0 | DG28: 0 | DH28: 0 | DI28: 0 | DO28: =IFERROR(DN28/DM28," ") | DP28: 0 | DQ28: 0 | DR28: 0 | DS28: 0 | DY28: =IFERROR(DX28/DW28," ") | DZ28: 0 | EA28: 0 | EB28: 0 | EC28: 0 | EI28: =IFERROR(EH28/EG28," ") | EJ28: 0 | EK28: 0 | EL28: 0 | EM28: 0 | ES28: =IFERROR(ER28/EQ28," ") | ET28: 0 | EV28: 0 | EW28: 0 | FC28: =IFERROR(FB28/FA28," ") | FH28: =SUM(FD28:FG28) -> 0 | FN28: =IFERROR(FM28/FL28," ") | FS28: =SUM(FO28:FR28) -> 0 | FY28: =IFERROR(FX28/FW28," ") | GD28: =SUM(FZ28:GC28) -> 0 | GF28: 0 | GG28: Pending | GK28: =IFERROR(SUM(GH28:GJ28)," ") -> 0 | GN28: =IFERROR(SUM(GL28:GM28)," ") -> 0 | GO28: =IFERROR(GF28+GK28+GN28," ") -> 0 | GQ28: x | GR28: n/a | GS28: x | GT28: R | GU28: R | GV28: R | GW28: R | GX28: x | GY28: n/a | GZ28: n/a | HA28: x | HB28: x | HC28: 0 | HD28: 0 | HE28: 0 | HF28: 0 | HG28: x | HH28: 0 | HI28: 0 | HJ28: 1 | HK28: 0 | HL28: n/a | HM28: =IFERROR(IF(OR(IT28>0,IU28>0,IV28>0),"x",""),"") | HN28: =IFERROR(IF(OR(IW28>0,IX28>0,IY28>0,IZ28>0),"x",""),"") | HO28: n/a | HP28: n/a | HQ28: n/a | IC28: m | ID28: 19/20 | IL28: 0 | JA28: =COUNTIF(IO28:IZ28,">=0.0") -> 0 | JP28: =COUNTIF(JD28:JO28,">=0.0") -> 0 | LN28: =IFERROR(ROWS($IL$8:IL28)," ") -> 21 | LO28: =IFERROR(IF([1]Checklist!$C$3='GenInfo (2)'!E28,'GenInfo (2)'!LN28," ")," ") | LP28: =IFERROR(SMALL($LO$8:$LO$94,ROWS($IL$8:IL28))," ") | LQ28: =IFERROR(ROWS($IL$8:IL28)," ") -> 21 | LR28: =IFERROR(IF([1]Checklist!$C$4='GenInfo (2)'!E28,'GenInfo (2)'!LQ28," ")," ") | LS28: =IFERROR(SMALL($LR$8:$LR$94,ROWS($IL$8:IL28))," ") | LT28: =IFERROR(ROWS($IL$8:IL28)," ") -> 21 | LU28: =IFERROR(IF([1]Checklist!$C$5='GenInfo (2)'!E28,'GenInfo (2)'!LT28," ")," ") | LV28: =IFERROR(SMALL($LU$8:$LU$94,ROWS($IL$8:IL28))," ") | LW28: =IFERROR(ROWS($IL$8:IL28)," ") -> 21 | LX28: =IFERROR(IF([1]Checklist!$C$6='GenInfo (2)'!E28,'GenInfo (2)'!LW28," ")," ") | LY28: =IFERROR(SMALL($LX$8:$LX$94,ROWS($IL$8:IL28))," ") | LZ28: =IFERROR(ROWS($IL$8:IL28)," ") -> 21 | MA28: =IFERROR(IF([1]Checklist!$C$7='GenInfo (2)'!E28,'GenInfo (2)'!LZ28," ")," ") | MB28: =IFERROR(SMALL($MA$8:$MA$94,ROWS($IL$8:IL28))," ") | MC28: =IFERROR(ROWS($IL$8:IL28)," ") -> 21 | MD28: =IFERROR(IF([1]Checklist!$C$8='GenInfo (2)'!E28,'GenInfo (2)'!MC28," ")," ") | ME28: =IFERROR(SMALL($MD$8:$MD$94,ROWS($IL$8:IL28))," ") | MF28: =IFERROR(ROWS($IL$8:IL28)," ") -> 21 | MG28: =IFERROR(IF([1]Checklist!$C$9='GenInfo (2)'!E28,'GenInfo (2)'!MF28," ")," ") | MH28: =IFERROR(SMALL($MG$8:$MG$94,ROWS($IL$8:IL28))," ") | MI28: =IFERROR(ROWS($IL$8:$IL28)," ") -> 21 | MJ28: =IFERROR(IF([1]Checklist!$C$10='GenInfo (2)'!E28,'GenInfo (2)'!MI28," ")," ") -> 21 | MK28: =IFERROR(SMALL($MJ$8:$MJ$94,ROWS($IL$8:IL28))," ") | ML28: =IFERROR(ROWS($IL$8:IL28)," ") -> 21 | MM28: =IFERROR(IF([1]Checklist!$C$11='GenInfo (2)'!E28,'GenInfo (2)'!ML28," ")," ") | MN28: =IFERROR(SMALL($MM$8:$MM$94,ROWS($IL$8:IL28))," ") | MO28: =IFERROR(ROWS($IL$8:IL28)," ") -> 21 | MP28: =IFERROR(IF([1]Checklist!$C$12='GenInfo (2)'!E28,'GenInfo (2)'!MO28," ")," ") | MQ28: =IFERROR(SMALL($MP$8:$MP$94,ROWS($IL$8:IL28))," ") | MR28: =IFERROR(ROWS($IL$8:IL28)," ") -> 21 | MS28: =IFERROR(IF([1]Checklist!$C$13='GenInfo (2)'!E28,'GenInfo (2)'!MR28," ")," ") | MT28: =IFERROR(SMALL($MS$8:$MS$94,ROWS($IL$8:IL28))," ") | MU28: =IFERROR(ROWS($IL$8:IL28)," ") -> 21 | MV28: =IFERROR(IF([1]Checklist!$C$14='GenInfo (2)'!E28,'GenInfo (2)'!MU28," ")," ") | MW28: =IFERROR(SMALL($MV$8:$MV$94,ROWS($IL$8:IL28))," ") | MX28: =IFERROR(ROWS($IL$8:IL28)," ") -> 21 | MY28: =IFERROR(IF([1]Checklist!$C$15='GenInfo (2)'!E28,'GenInfo (2)'!MX28," ")," ") | MZ28: =IFERROR(SMALL($MY$8:$MY$94,ROWS($IL$8:IL28))," ") | NA28: =IFERROR(ROWS($IL$8:IL28)," ") -> 21 | NB28: =IFERROR(IF([1]Checklist!$C$16='GenInfo (2)'!E28,'GenInfo (2)'!NA28," ")," ") | NC28: =IFERROR(SMALL($NB$8:$NB$94,ROWS($IL$8:IL28))," ") | ND28: =IFERROR(ROWS($IL$8:IL28)," ") -> 21 | NE28: =IFERROR(IF([1]Checklist!$C$17='GenInfo (2)'!E28,'GenInfo (2)'!ND28," ")," ") | NF28: =IFERROR(SMALL($NE$8:$NE$94,ROWS($IL$8:IL28))," ")
A29: x | B29: 152 | C29: Sample21 | D29: Student21 | E29: Innovations Hs | F29: Q7899989 | G29: Referral not accepted by school | I29: SSample21@asn.com | J29: 773-555-0021 | L29: 43712 | M29: 43713 | N29: x | O29: 43709 | P29: 43717 | Q29: 43747 | R29: Not accepted | S29: 43728 | T29: IEP-therapeutic day school | AB29: Angel Williams | AC29: 773-704-1307 | AD29: angel.williams@thresholds.org | AE29: Thresholds | AF29: 4219 N. Lincoln | AH29: Chicago | AI29: IL | AJ29: 60618 | AL29: =IFERROR(DATEDIF(AN29,V29,"y"),"") | AM29: =IFERROR(DATEDIF($AN29,TODAY(),"y"),"") -> 21 | AN29: 36848 | AO29: =IFERROR(DATEDIF(TODAY(),EDATE(AN29,(12*21)),"m"),"") | AP29: F | AQ29: African American | AR29: TLP | AS29: 5 | AT29: 365 | AU29: 5 | AV29: 20 | AW29: 30 | AX29: Sophomore | AY29: Yes | AZ29: Pregnant | BA29: Pregnant | BE29: =IFERROR(COUNTIF(CI29,">0")+COUNTIF(CS29,">0")+COUNTIF(DC29,">0")+COUNTIF(DM29,">0")+COUNTIF(DW29,">0")+COUNTIF(EG29,">0")," ") -> 0 | BF29: =IFERROR(COUNTIF(CJ29,">0")+COUNTIF(CT29,">0")+COUNTIF(DD29,">0")+COUNTIF(DN29,">0")+COUNTIF(DX29,">0")+COUNTIF(EH29,">0")," ") -> 0 | BG29: =IFERROR(COUNTIF(CK29,"<49.5%")+COUNTIF(CU29,"<49.5%")+COUNTIF(DE29,"<49.5%")+COUNTIF(DO29,"<49.5%")+COUNTIF(DY29,"<49.5%")+COUNTIF(EI29,"<49.5%")," ") -> 0 | BH29: =IFERROR(AVERAGE(CK29,CU29,DE29,DO29,DY29,EI29)," ") | BI29: =IFERROR(BG29/BE29," ") | BJ29: =IFERROR(COUNTIF(CN29,">0")+COUNTIF(CW29,">0")+COUNTIF(DH29,">0")+COUNTIF(DR29,">0")+COUNTIF(EB29,">0")+COUNTIF(EL29,">0")," ") -> 0 | BK29: =IFERROR(BJ29/BE29," ") | BL29: =IFERROR(SUM(BV29,CD29,CN29,CW29,DH29,DR29,EB29,EL29),"") -> 0 | BM29: =IFERROR(SUM(BW29,CE29,CO29,CX29,DI29,DS29,EC29,EM29),"") -> 0 | BS29: =IFERROR(BR29/BQ29," ") | BT29: 0 | BU29: 0 | BV29: 0 | BW29: 0 | CC29: =IFERROR(CB29/CA29," ") | CD29: 0 | CE29: 0 | CK29: =IFERROR(CJ29/CI29," ") | CL29: 0 | CM29: 0 | CN29: 0 | CO29: 0 | CU29: =IFERROR(CT29/CS29," ") | CV29: 0 | CW29: 0 | CX29: 0 | CY29: 0 | DE29: =IFERROR(DD29/DC29," ") | DF29: 0 | DG29: 0 | DH29: 0 | DI29: 0 | DO29: =IFERROR(DN29/DM29," ") | DP29: 0 | DQ29: 0 | DR29: 0 | DS29: 0 | DY29: =IFERROR(DX29/DW29," ") | DZ29: 0 | EA29: 0 | EB29: 0 | EC29: 0 | EI29: =IFERROR(EH29/EG29," ") | EJ29: 0 | EK29: 0 | EL29: 0 | EM29: 0 | ES29: =IFERROR(ER29/EQ29," ") | ET29: 0 | EV29: 0 | EW29: 0 | FC29: =IFERROR(FB29/FA29," ") | FH29: =SUM(FD29:FG29) -> 0 | FN29: =IFERROR(FM29/FL29," ") | FS29: =SUM(FO29:FR29) -> 0 | FY29: =IFERROR(FX29/FW29," ") | GD29: =SUM(FZ29:GC29) -> 0 | GF29: 6.5 | GG29: Sophomore | GK29: =IFERROR(SUM(GH29:GJ29)," ") -> 0 | GN29: =IFERROR(SUM(GL29:GM29)," ") -> 0 | GO29: =IFERROR(GF29+GK29+GN29," ") -> 6.5 | GQ29: X | GY29: =IFERROR(IF(IN29>0,"X",""),"") | GZ29: =IFERROR(IF(JC29>0,"X",""),"") | HL29: =IFERROR(IF(OR(IQ29>0,IR29>0,IS29>0),"x",""),"") | HM29: =IFERROR(IF(OR(IT29>0,IU29>0,IV29>0),"x",""),"") | HN29: =IFERROR(IF(OR(IW29>0,IX29>0,IY29>0,IZ29>0),"x",""),"") | HO29: =IFERROR(IF(OR(JE29>0,JF29>0,JG29>0,JH29>0),"x",""),"") | HP29: =IFERROR(IF(OR(JI29>0,JJ29>0,JK29>0),"x",""),"") | HQ29: =IFERROR(IF(OR(JL29>0,JM29>0,JN29>0,JO29>0),"x",""),"") | JA29: =COUNTIF(IO29:IZ29,">=0.0") -> 0 | JP29: =COUNTIF(JD29:JO29,">=0.0") -> 0 | LN29: =IFERROR(ROWS($IL$8:IL29)," ") -> 22 | LO29: =IFERROR(IF([1]Checklist!$C$3='GenInfo (2)'!E29,'GenInfo (2)'!LN29," ")," ") | LP29: =IFERROR(SMALL($LO$8:$LO$94,ROWS($IL$8:IL29))," ") | LQ29: =IFERROR(ROWS($IL$8:IL29)," ") -> 22 | LR29: =IFERROR(IF([1]Checklist!$C$4='GenInfo (2)'!E29,'GenInfo (2)'!LQ29," ")," ") | LS29: =IFERROR(SMALL($LR$8:$LR$94,ROWS($IL$8:IL29))," ") | LT29: =IFERROR(ROWS($IL$8:IL29)," ") -> 22 | LU29: =IFERROR(IF([1]Checklist!$C$5='GenInfo (2)'!E29,'GenInfo (2)'!LT29," ")," ") | LV29: =IFERROR(SMALL($LU$8:$LU$94,ROWS($IL$8:IL29))," ") | LW29: =IFERROR(ROWS($IL$8:IL29)," ") -> 22 | LX29: =IFERROR(IF([1]Checklist!$C$6='GenInfo (2)'!E29,'GenInfo (2)'!LW29," ")," ") | LY29: =IFERROR(SMALL($LX$8:$LX$94,ROWS($IL$8:IL29))," ") | LZ29: =IFERROR(ROWS($IL$8:IL29)," ") -> 22 | MA29: =IFERROR(IF([1]Checklist!$C$7='GenInfo (2)'!E29,'GenInfo (2)'!LZ29," ")," ") | MB29: =IFERROR(SMALL($MA$8:$MA$94,ROWS($IL$8:IL29))," ") | MC29: =IFERROR(ROWS($IL$8:IL29)," ") -> 22 | MD29: =IFERROR(IF([1]Checklist!$C$8='GenInfo (2)'!E29,'GenInfo (2)'!MC29," ")," ") | ME29: =IFERROR(SMALL($MD$8:$MD$94,ROWS($IL$8:IL29))," ") | MF29: =IFERROR(ROWS($IL$8:IL29)," ") -> 22 | MG29: =IFERROR(IF([1]Checklist!$C$9='GenInfo (2)'!E29,'GenInfo (2)'!MF29," ")," ") | MH29: =IFERROR(SMALL($MG$8:$MG$94,ROWS($IL$8:IL29))," ") | MI29: =IFERROR(ROWS($IL$8:$IL29)," ") -> 22 | MJ29: =IFERROR(IF([1]Checklist!$C$10='GenInfo (2)'!E29,'GenInfo (2)'!MI29," ")," ") -> 22 | MK29: =IFERROR(SMALL($MJ$8:$MJ$94,ROWS($IL$8:IL29))," ") | ML29: =IFERROR(ROWS($IL$8:IL29)," ") -> 22 | MM29: =IFERROR(IF([1]Checklist!$C$11='GenInfo (2)'!E29,'GenInfo (2)'!ML29," ")," ") | MN29: =IFERROR(SMALL($MM$8:$MM$94,ROWS($IL$8:IL29))," ") | MO29: =IFERROR(ROWS($IL$8:IL29)," ") -> 22 | MP29: =IFERROR(IF([1]Checklist!$C$12='GenInfo (2)'!E29,'GenInfo (2)'!MO29," ")," ") | MQ29: =IFERROR(SMALL($MP$8:$MP$94,ROWS($IL$8:IL29))," ") | MR29: =IFERROR(ROWS($IL$8:IL29)," ") -> 22 | MS29: =IFERROR(IF([1]Checklist!$C$13='GenInfo (2)'!E29,'GenInfo (2)'!MR29," ")," ") | MT29: =IFERROR(SMALL($MS$8:$MS$94,ROWS($IL$8:IL29))," ") | MU29: =IFERROR(ROWS($IL$8:IL29)," ") -> 22 | MV29: =IFERROR(IF([1]Checklist!$C$14='GenInfo (2)'!E29,'GenInfo (2)'!MU29," ")," ") | MW29: =IFERROR(SMALL($MV$8:$MV$94,ROWS($IL$8:IL29))," ") | MX29: =IFERROR(ROWS($IL$8:IL29)," ") -> 22 | MY29: =IFERROR(IF([1]Checklist!$C$15='GenInfo (2)'!E29,'GenInfo (2)'!MX29," ")," ") | MZ29: =IFERROR(SMALL($MY$8:$MY$94,ROWS($IL$8:IL29))," ") | NA29: =IFERROR(ROWS($IL$8:IL29)," ") -> 22 | NB29: =IFERROR(IF([1]Checklist!$C$16='GenInfo (2)'!E29,'GenInfo (2)'!NA29," ")," ") | NC29: =IFERROR(SMALL($NB$8:$NB$94,ROWS($IL$8:IL29))," ") | ND29: =IFERROR(ROWS($IL$8:IL29)," ") -> 22 | NE29: =IFERROR(IF([1]Checklist!$C$17='GenInfo (2)'!E29,'GenInfo (2)'!ND29," ")," ") | NF29: =IFERROR(SMALL($NE$8:$NE$94,ROWS($IL$8:IL29))," ")
A30: x | B30: 161 | C30: Sample22 | D30: Student22 | E30: Latino Youth Hs | F30: J8668685 | G30: Enrolled | I30: SSample22@asn.com | J30: 773-555-0022 | L30: 43980 | M30: 43983 | N30: x | O30: June | R30: Accepted | V30: 43998 | AB30: Jessica Herrera-Cruz | AC30: 708-222-3349 | AD30: jcruz@ucpseguin.org | AE30: UCP Seguin | AF30: 3100 S. Central Ave. | AH30: Cicero | AI30: IL | AJ30: 60804 | AL30: =IFERROR(DATEDIF(AN30,V30,"y"),"") -> 19 | AM30: =IFERROR(DATEDIF($AN30,TODAY(),"y"),"") -> 21 | AN30: 36800 | AO30: =IFERROR(DATEDIF(TODAY(),EDATE(AN30,(12*21)),"m"),"") | AP30: F | AQ30: Latino/HIspanic | AR30: Unauthorized | AT30: 30 | AU30: 12 | AW30: 180 | AX30: Junior | AY30: No | AZ30: Yes | BA30: Yes | BC30: 2 | BE30: =IFERROR(COUNTIF(CI30,">0")+COUNTIF(CS30,">0")+COUNTIF(DC30,">0")+COUNTIF(DM30,">0")+COUNTIF(DW30,">0")+COUNTIF(EG30,">0")," ") -> 0 | BF30: =IFERROR(COUNTIF(CJ30,">0")+COUNTIF(CT30,">0")+COUNTIF(DD30,">0")+COUNTIF(DN30,">0")+COUNTIF(DX30,">0")+COUNTIF(EH30,">0")," ") -> 0 | BG30: =IFERROR(COUNTIF(CK30,"<49.5%")+COUNTIF(CU30,"<49.5%")+COUNTIF(DE30,"<49.5%")+COUNTIF(DO30,"<49.5%")+COUNTIF(DY30,"<49.5%")+COUNTIF(EI30,"<49.5%")," ") -> 0 | BH30: =IFERROR(AVERAGE(CK30,CU30,DE30,DO30,DY30,EI30)," ") | BI30: =IFERROR(BG30/BE30," ") | BJ30: =IFERROR(COUNTIF(CN30,">0")+COUNTIF(CW30,">0")+COUNTIF(DH30,">0")+COUNTIF(DR30,">0")+COUNTIF(EB30,">0")+COUNTIF(EL30,">0")," ") -> 0 | BK30: =IFERROR(BJ30/BE30," ") | BL30: =IFERROR(SUM(BV30,CD30,CN30,CW30,DH30,DR30,EB30,EL30),"") -> 0 | BM30: =IFERROR(SUM(BW30,CE30,CO30,CX30,DI30,DS30,EC30,EM30),"") -> 0 | BS30: =IFERROR(BR30/BQ30," ") | BV30: 0 | BW30: 0 | CC30: =IFERROR(CB30/CA30," ") | CE30: 0 | CK30: =IFERROR(CJ30/CI30," ") | CO30: 0 | CU30: =IFERROR(CT30/CS30," ") | CY30: 0 | DE30: =IFERROR(DD30/DC30," ") | DI30: 0 | DO30: =IFERROR(DN30/DM30," ") | DS30: 0 | DY30: =IFERROR(DX30/DW30," ") | EI30: =IFERROR(EH30/EG30," ") | ES30: =IFERROR(ER30/EQ30," ") | EV30: 0 | EW30: 0 | FC30: =IFERROR(FB30/FA30," ") | FH30: =SUM(FD30:FG30) -> 0 | FN30: =IFERROR(FM30/FL30," ") | FS30: =SUM(FO30:FR30) -> 0 | FY30: =IFERROR(FX30/FW30," ") | GD30: =SUM(FZ30:GC30) -> 0 | GK30: =IFERROR(SUM(GH30:GJ30)," ") -> 0 | GN30: =IFERROR(SUM(GL30:GM30)," ") -> 0 | GO30: =IFERROR(GF30+GK30+GN30," ") | GY30: =IFERROR(IF(IN30>0,"X",""),"") | GZ30: =IFERROR(IF(JC30>0,"X",""),"") | HL30: =IFERROR(IF(OR(IQ30>0,IR30>0,IS30>0),"x",""),"") | HM30: =IFERROR(IF(OR(IT30>0,IU30>0,IV30>0),"x",""),"") | HN30: =IFERROR(IF(OR(IW30>0,IX30>0,IY30>0,IZ30>0),"x",""),"") | HO30: =IFERROR(IF(OR(JE30>0,JF30>0,JG30>0,JH30>0),"x",""),"") | HP30: =IFERROR(IF(OR(JI30>0,JJ30>0,JK30>0),"x",""),"") | HQ30: =IFERROR(IF(OR(JL30>0,JM30>0,JN30>0,JO30>0),"x",""),"") | IL30: x | JA30: =COUNTIF(IO30:IZ30,">=0.0") -> 0 | JP30: =COUNTIF(JD30:JO30,">=0.0") -> 0 | LN30: =IFERROR(ROWS($IL$8:IL30)," ") -> 23 | LO30: =IFERROR(IF([1]Checklist!$C$3='GenInfo (2)'!E30,'GenInfo (2)'!LN30," ")," ") | LP30: =IFERROR(SMALL($LO$8:$LO$94,ROWS($IL$8:IL30))," ") | LQ30: =IFERROR(ROWS($IL$8:IL30)," ") -> 23 | LR30: =IFERROR(IF([1]Checklist!$C$4='GenInfo (2)'!E30,'GenInfo (2)'!LQ30," ")," ") | LS30: =IFERROR(SMALL($LR$8:$LR$94,ROWS($IL$8:IL30))," ") | LT30: =IFERROR(ROWS($IL$8:IL30)," ") -> 23 | LU30: =IFERROR(IF([1]Checklist!$C$5='GenInfo (2)'!E30,'GenInfo (2)'!LT30," ")," ") | LV30: =IFERROR(SMALL($LU$8:$LU$94,ROWS($IL$8:IL30))," ") | LW30: =IFERROR(ROWS($IL$8:IL30)," ") -> 23 | LX30: =IFERROR(IF([1]Checklist!$C$6='GenInfo (2)'!E30,'GenInfo (2)'!LW30," ")," ") | LY30: =IFERROR(SMALL($LX$8:$LX$94,ROWS($IL$8:IL30))," ") | LZ30: =IFERROR(ROWS($IL$8:IL30)," ") -> 23 | MA30: =IFERROR(IF([1]Checklist!$C$7='GenInfo (2)'!E30,'GenInfo (2)'!LZ30," ")," ") | MB30: =IFERROR(SMALL($MA$8:$MA$94,ROWS($IL$8:IL30))," ") | MC30: =IFERROR(ROWS($IL$8:IL30)," ") -> 23 | MD30: =IFERROR(IF([1]Checklist!$C$8='GenInfo (2)'!E30,'GenInfo (2)'!MC30," ")," ") | ME30: =IFERROR(SMALL($MD$8:$MD$94,ROWS($IL$8:IL30))," ") | MF30: =IFERROR(ROWS($IL$8:IL30)," ") -> 23 | MG30: =IFERROR(IF([1]Checklist!$C$9='GenInfo (2)'!E30,'GenInfo (2)'!MF30," ")," ") | MH30: =IFERROR(SMALL($MG$8:$MG$94,ROWS($IL$8:IL30))," ") | MI30: =IFERROR(ROWS($IL$8:$IL30)," ") -> 23 | MJ30: =IFERROR(IF([1]Checklist!$C$10='GenInfo (2)'!E30,'GenInfo (2)'!MI30," ")," ") | MK30: =IFERROR(SMALL($MJ$8:$MJ$94,ROWS($IL$8:IL30))," ") | ML30: =IFERROR(ROWS($IL$8:IL30)," ") -> 23 | MM30: =IFERROR(IF([1]Checklist!$C$11='GenInfo (2)'!E30,'GenInfo (2)'!ML30," ")," ") -> 23 | MN30: =IFERROR(SMALL($MM$8:$MM$94,ROWS($IL$8:IL30))," ") | MO30: =IFERROR(ROWS($IL$8:IL30)," ") -> 23 | MP30: =IFERROR(IF([1]Checklist!$C$12='GenInfo (2)'!E30,'GenInfo (2)'!MO30," ")," ") | MQ30: =IFERROR(SMALL($MP$8:$MP$94,ROWS($IL$8:IL30))," ") | MR30: =IFERROR(ROWS($IL$8:IL30)," ") -> 23 | MS30: =IFERROR(IF([1]Checklist!$C$13='GenInfo (2)'!E30,'GenInfo (2)'!MR30," ")," ") | MT30: =IFERROR(SMALL($MS$8:$MS$94,ROWS($IL$8:IL30))," ") | MU30: =IFERROR(ROWS($IL$8:IL30)," ") -> 23 | MV30: =IFERROR(IF([1]Checklist!$C$14='GenInfo (2)'!E30,'GenInfo (2)'!MU30," ")," ") | MW30: =IFERROR(SMALL($MV$8:$MV$94,ROWS($IL$8:IL30))," ") | MX30: =IFERROR(ROWS($IL$8:IL30)," ") -> 23 | MY30: =IFERROR(IF([1]Checklist!$C$15='GenInfo (2)'!E30,'GenInfo (2)'!MX30," ")," ") | MZ30: =IFERROR(SMALL($MY$8:$MY$94,ROWS($IL$8:IL30))," ") | NA30: =IFERROR(ROWS($IL$8:IL30)," ") -> 23 | NB30: =IFERROR(IF([1]Checklist!$C$16='GenInfo (2)'!E30,'GenInfo (2)'!NA30," ")," ") | NC30: =IFERROR(SMALL($NB$8:$NB$94,ROWS($IL$8:IL30))," ") | ND30: =IFERROR(ROWS($IL$8:IL30)," ") -> 23 | NE30: =IFERROR(IF([1]Checklist!$C$17='GenInfo (2)'!E30,'GenInfo (2)'!ND30," ")," ") | NF30: =IFERROR(SMALL($NE$8:$NE$94,ROWS($IL$8:IL30))," ")
A31: x | B31: 167 | C31: Sample23 | D31: Student23 | E31: Latino Youth Hs | F31: S5566589 | G31: Referral not accepted by school | H31: Referral not accepted by school | I31: SSample23@asn.com | J31: 773-555-0023 | M31: 43913 | N31: x | O31: 43891 | AB31: Theresa Abels | AC31: (312) 243-1901 | AD31: tables@sosillinois.org | AE31: SOS Children's Village-IL | AF31: 1200 W. Roosevelt | AH31: Chicago | AI31: IL | AL31: =IFERROR(DATEDIF(AN31,V31,"y"),"") | AM31: 15 | AN31: 38146 | AO31: =IFERROR(DATEDIF(TODAY(),EDATE(AN31,(12*21)),"m"),"") -> 40 | AP31: F | AQ31: African American | AR31: Foster home | AS31: 2 | AT31: Unk | AU31: 9 | AV31: 8 | AW31: 365 | AX31: Sophomore | AY31: yes | AZ31: no | BA31: no | BE31: =IFERROR(COUNTIF(CI31,">0")+COUNTIF(CS31,">0")+COUNTIF(DC31,">0")+COUNTIF(DM31,">0")+COUNTIF(DW31,">0")+COUNTIF(EG31,">0")," ") -> 0 | BF31: =IFERROR(COUNTIF(CJ31,">0")+COUNTIF(CT31,">0")+COUNTIF(DD31,">0")+COUNTIF(DN31,">0")+COUNTIF(DX31,">0")+COUNTIF(EH31,">0")," ") -> 0 | BG31: =IFERROR(COUNTIF(CK31,"<49.5%")+COUNTIF(CU31,"<49.5%")+COUNTIF(DE31,"<49.5%")+COUNTIF(DO31,"<49.5%")+COUNTIF(DY31,"<49.5%")+COUNTIF(EI31,"<49.5%")," ") -> 0 | BH31: =IFERROR(AVERAGE(CK31,CU31,DE31,DO31,DY31,EI31)," ") | BI31: =IFERROR(BG31/BE31," ") | BJ31: =IFERROR(COUNTIF(CN31,">0")+COUNTIF(CW31,">0")+COUNTIF(DH31,">0")+COUNTIF(DR31,">0")+COUNTIF(EB31,">0")+COUNTIF(EL31,">0")," ") -> 0 | BK31: =IFERROR(BJ31/BE31," ") | BL31: =IFERROR(SUM(BV31,CD31,CN31,CW31,DH31,DR31,EB31,EL31),"") -> 0 | BM31: =IFERROR(SUM(BW31,CE31,CO31,CX31,DI31,DS31,EC31,EM31),"") -> 0 | BS31: =IFERROR(BR31/BQ31," ") | BV31: 0 | BW31: 0 | CC31: =IFERROR(CB31/CA31," ") | CE31: 0 | CK31: =IFERROR(CJ31/CI31," ") | CO31: 0 | CU31: =IFERROR(CT31/CS31," ") | CY31: 0 | DE31: =IFERROR(DD31/DC31," ") | DI31: 0 | DO31: =IFERROR(DN31/DM31," ") | DS31: 0 | DY31: =IFERROR(DX31/DW31," ") | DZ31: 0 | EA31: 0 | EB31: 0 | EC31: 0 | EI31: =IFERROR(EH31/EG31," ") | ES31: =IFERROR(ER31/EQ31," ") | ET31: 0 | EV31: 0 | EW31: 0 | FC31: =IFERROR(FB31/FA31," ") | FH31: =SUM(FD31:FG31) -> 0 | FN31: =IFERROR(FM31/FL31," ") | FS31: =SUM(FO31:FR31) -> 0 | FY31: =IFERROR(FX31/FW31," ") | GD31: =SUM(FZ31:GC31) -> 0 | GK31: =IFERROR(SUM(GH31:GJ31)," ") -> 0 | GN31: =IFERROR(SUM(GL31:GM31)," ") -> 0 | GO31: =IFERROR(GF31+GK31+GN31," ") | GY31: =IFERROR(IF(IN31>0,"X",""),"") | GZ31: =IFERROR(IF(JC31>0,"X",""),"") | HL31: =IFERROR(IF(OR(IQ31>0,IR31>0,IS31>0),"x",""),"") | HM31: =IFERROR(IF(OR(IT31>0,IU31>0,IV31>0),"x",""),"") | HN31: =IFERROR(IF(OR(IW31>0,IX31>0,IY31>0,IZ31>0),"x",""),"") | HO31: =IFERROR(IF(OR(JE31>0,JF31>0,JG31>0,JH31>0),"x",""),"") | HP31: =IFERROR(IF(OR(JI31>0,JJ31>0,JK31>0),"x",""),"") | HQ31: =IFERROR(IF(OR(JL31>0,JM31>0,JN31>0,JO31>0),"x",""),"") | JA31: =COUNTIF(IO31:IZ31,">=0.0") -> 0 | JP31: =COUNTIF(JD31:JO31,">=0.0") -> 0 | LN31: =IFERROR(ROWS($IL$8:IL31)," ") -> 24 | LO31: =IFERROR(IF([1]Checklist!$C$3='GenInfo (2)'!E31,'GenInfo (2)'!LN31," ")," ") | LP31: =IFERROR(SMALL($LO$8:$LO$94,ROWS($IL$8:IL31))," ") | LQ31: =IFERROR(ROWS($IL$8:IL31)," ") -> 24 | LR31: =IFERROR(IF([1]Checklist!$C$4='GenInfo (2)'!E31,'GenInfo (2)'!LQ31," ")," ") | LS31: =IFERROR(SMALL($LR$8:$LR$94,ROWS($IL$8:IL31))," ") | LT31: =IFERROR(ROWS($IL$8:IL31)," ") -> 24 | LU31: =IFERROR(IF([1]Checklist!$C$5='GenInfo (2)'!E31,'GenInfo (2)'!LT31," ")," ") | LV31: =IFERROR(SMALL($LU$8:$LU$94,ROWS($IL$8:IL31))," ") | LW31: =IFERROR(ROWS($IL$8:IL31)," ") -> 24 | LX31: =IFERROR(IF([1]Checklist!$C$6='GenInfo (2)'!E31,'GenInfo (2)'!LW31," ")," ") | LY31: =IFERROR(SMALL($LX$8:$LX$94,ROWS($IL$8:IL31))," ") | LZ31: =IFERROR(ROWS($IL$8:IL31)," ") -> 24 | MA31: =IFERROR(IF([1]Checklist!$C$7='GenInfo (2)'!E31,'GenInfo (2)'!LZ31," ")," ") | MB31: =IFERROR(SMALL($MA$8:$MA$94,ROWS($IL$8:IL31))," ") | MC31: =IFERROR(ROWS($IL$8:IL31)," ") -> 24 | MD31: =IFERROR(IF([1]Checklist!$C$8='GenInfo (2)'!E31,'GenInfo (2)'!MC31," ")," ") | ME31: =IFERROR(SMALL($MD$8:$MD$94,ROWS($IL$8:IL31))," ") | MF31: =IFERROR(ROWS($IL$8:IL31)," ") -> 24 | MG31: =IFERROR(IF([1]Checklist!$C$9='GenInfo (2)'!E31,'GenInfo (2)'!MF31," ")," ") | MH31: =IFERROR(SMALL($MG$8:$MG$94,ROWS($IL$8:IL31))," ") | MI31: =IFERROR(ROWS($IL$8:$IL31)," ") -> 24 | MJ31: =IFERROR(IF([1]Checklist!$C$10='GenInfo (2)'!E31,'GenInfo (2)'!MI31," ")," ") | MK31: =IFERROR(SMALL($MJ$8:$MJ$94,ROWS($IL$8:IL31))," ") | ML31: =IFERROR(ROWS($IL$8:IL31)," ") -> 24 | MM31: =IFERROR(IF([1]Checklist!$C$11='GenInfo (2)'!E31,'GenInfo (2)'!ML31," ")," ") -> 24 | MN31: =IFERROR(SMALL($MM$8:$MM$94,ROWS($IL$8:IL31))," ") | MO31: =IFERROR(ROWS($IL$8:IL31)," ") -> 24 | MP31: =IFERROR(IF([1]Checklist!$C$12='GenInfo (2)'!E31,'GenInfo (2)'!MO31," ")," ") | MQ31: =IFERROR(SMALL($MP$8:$MP$94,ROWS($IL$8:IL31))," ") | MR31: =IFERROR(ROWS($IL$8:IL31)," ") -> 24 | MS31: =IFERROR(IF([1]Checklist!$C$13='GenInfo (2)'!E31,'GenInfo (2)'!MR31," ")," ") | MT31: =IFERROR(SMALL($MS$8:$MS$94,ROWS($IL$8:IL31))," ") | MU31: =IFERROR(ROWS($IL$8:IL31)," ") -> 24 | MV31: =IFERROR(IF([1]Checklist!$C$14='GenInfo (2)'!E31,'GenInfo (2)'!MU31," ")," ") | MW31: =IFERROR(SMALL($MV$8:$MV$94,ROWS($IL$8:IL31))," ") | MX31: =IFERROR(ROWS($IL$8:IL31)," ") -> 24 | MY31: =IFERROR(IF([1]Checklist!$C$15='GenInfo (2)'!E31,'GenInfo (2)'!MX31," ")," ") | MZ31: =IFERROR(SMALL($MY$8:$MY$94,ROWS($IL$8:IL31))," ") | NA31: =IFERROR(ROWS($IL$8:IL31)," ") -> 24 | NB31: =IFERROR(IF([1]Checklist!$C$16='GenInfo (2)'!E31,'GenInfo (2)'!NA31," ")," ") | NC31: =IFERROR(SMALL($NB$8:$NB$94,ROWS($IL$8:IL31))," ") | ND31: =IFERROR(ROWS($IL$8:IL31)," ") -> 24 | NE31: =IFERROR(IF([1]Checklist!$C$17='GenInfo (2)'!E31,'GenInfo (2)'!ND31," ")," ") | NF31: =IFERROR(SMALL($NE$8:$NE$94,ROWS($IL$8:IL31))," ")
A32: x | B32: 168 | C32: Sample24 | D32: Student24 | E32: Latino Youth Hs | F32: 56996789 | G32: Referral not accepted by school | I32: SSample24@asn.com | J32: 773-555-0024 | L32: 43763 | M32: 43766 | O32: 43800 | R32: Not accepted | AB32: A. Cummings | AC32: 773-865-2471 | AD32: andreana.cummings@illinois.gov | AE32: Youth Outreach Services | AF32: 2614 St. charles Rd. | AH32: Bellwood | AI32: IL | AJ32: 60104 | AL32: =IFERROR(DATEDIF(AN32,V32,"y"),"") | AM32: =IFERROR(DATEDIF($AN32,TODAY(),"y"),"") -> 20 | AN32: 36990 | AO32: =IFERROR(DATEDIF(TODAY(),EDATE(AN32,(12*21)),"m"),"") -> 2 | AP32: M | AQ32: Other/Mixed | AR32: TLP | AS32: 4 | AT32: 17 | AV32: 2 | AW32: 17 | AX32: Senior | AY32: Unk | AZ32: No | BA32: No | BE32: =IFERROR(COUNTIF(CI32,">0")+COUNTIF(CS32,">0")+COUNTIF(DC32,">0")+COUNTIF(DM32,">0")+COUNTIF(DW32,">0")+COUNTIF(EG32,">0")," ") -> 0 | BF32: =IFERROR(COUNTIF(CJ32,">0")+COUNTIF(CT32,">0")+COUNTIF(DD32,">0")+COUNTIF(DN32,">0")+COUNTIF(DX32,">0")+COUNTIF(EH32,">0")," ") -> 0 | BG32: =IFERROR(COUNTIF(CK32,"<49.5%")+COUNTIF(CU32,"<49.5%")+COUNTIF(DE32,"<49.5%")+COUNTIF(DO32,"<49.5%")+COUNTIF(DY32,"<49.5%")+COUNTIF(EI32,"<49.5%")," ") -> 0 | BH32: =IFERROR(AVERAGE(CK32,CU32,DE32,DO32,DY32,EI32)," ") | BI32: =IFERROR(BG32/BE32," ") | BJ32: =IFERROR(COUNTIF(CN32,">0")+COUNTIF(CW32,">0")+COUNTIF(DH32,">0")+COUNTIF(DR32,">0")+COUNTIF(EB32,">0")+COUNTIF(EL32,">0")," ") -> 0 | BK32: =IFERROR(BJ32/BE32," ") | BL32: =IFERROR(SUM(BV32,CD32,CN32,CW32,DH32,DR32,EB32,EL32),"") -> 0 | BM32: =IFERROR(SUM(BW32,CE32,CO32,CX32,DI32,DS32,EC32,EM32),"") -> 0 | BS32: =IFERROR(BR32/BQ32," ") | BT32: 0 | BU32: 0 | BV32: 0 | BW32: 0 | CC32: =IFERROR(CB32/CA32," ") | CD32: 0 | CE32: 0 | CK32: =IFERROR(CJ32/CI32," ") | CL32: 0 | CM32: 0 | CN32: 0 | CO32: 0 | CU32: =IFERROR(CT32/CS32," ") | CV32: 0 | CW32: 0 | CX32: 0 | CY32: 0 | DE32: =IFERROR(DD32/DC32," ") | DF32: 0 | DG32: 0 | DH32: 0 | DI32: 0 | DO32: =IFERROR(DN32/DM32," ") | DP32: 0 | DQ32: 0 | DR32: 0 | DS32: 0 | DY32: =IFERROR(DX32/DW32," ") | DZ32: 0 | EA32: 0 | EB32: 0 | EC32: 0 | EI32: =IFERROR(EH32/EG32," ") | EJ32: 0 | EK32: 0 | EL32: 0 | EM32: 0 | ES32: =IFERROR(ER32/EQ32," ") | ET32: 0 | EV32: 0 | EW32: 0 | FC32: =IFERROR(FB32/FA32," ") | FH32: =SUM(FD32:FG32) -> 0 | FN32: =IFERROR(FM32/FL32," ") | FS32: =SUM(FO32:FR32) -> 0 | FY32: =IFERROR(FX32/FW32," ") | GD32: =SUM(FZ32:GC32) -> 0 | GK32: =IFERROR(SUM(GH32:GJ32)," ") -> 0 | GN32: =IFERROR(SUM(GL32:GM32)," ") -> 0 | GO32: =IFERROR(GF32+GK32+GN32," ") | GY32: =IFERROR(IF(IN32>0,"X",""),"") | GZ32: =IFERROR(IF(JC32>0,"X",""),"") | HL32: =IFERROR(IF(OR(IQ32>0,IR32>0,IS32>0),"x",""),"") | HM32: =IFERROR(IF(OR(IT32>0,IU32>0,IV32>0),"x",""),"") | HN32: =IFERROR(IF(OR(IW32>0,IX32>0,IY32>0,IZ32>0),"x",""),"") | HO32: =IFERROR(IF(OR(JE32>0,JF32>0,JG32>0,JH32>0),"x",""),"") | HP32: =IFERROR(IF(OR(JI32>0,JJ32>0,JK32>0),"x",""),"") | HQ32: =IFERROR(IF(OR(JL32>0,JM32>0,JN32>0,JO32>0),"x",""),"") | JA32: =COUNTIF(IO32:IZ32,">=0.0") -> 0 | JP32: =COUNTIF(JD32:JO32,">=0.0") -> 0 | JQ32: =JJ32-JF32 -> 0 | LN32: =IFERROR(ROWS($IL$8:IL32)," ") -> 25 | LO32: =IFERROR(IF([1]Checklist!$C$3='GenInfo (2)'!E32,'GenInfo (2)'!LN32," ")," ") | LP32: =IFERROR(SMALL($LO$8:$LO$94,ROWS($IL$8:IL32))," ") | LQ32: =IFERROR(ROWS($IL$8:IL32)," ") -> 25 | LR32: =IFERROR(IF([1]Checklist!$C$4='GenInfo (2)'!E32,'GenInfo (2)'!LQ32," ")," ") | LS32: =IFERROR(SMALL($LR$8:$LR$94,ROWS($IL$8:IL32))," ") | LT32: =IFERROR(ROWS($IL$8:IL32)," ") -> 25 | LU32: =IFERROR(IF([1]Checklist!$C$5='GenInfo (2)'!E32,'GenInfo (2)'!LT32," ")," ") | LV32: =IFERROR(SMALL($LU$8:$LU$94,ROWS($IL$8:IL32))," ") | LW32: =IFERROR(ROWS($IL$8:IL32)," ") -> 25 | LX32: =IFERROR(IF([1]Checklist!$C$6='GenInfo (2)'!E32,'GenInfo (2)'!LW32," ")," ") | LY32: =IFERROR(SMALL($LX$8:$LX$94,ROWS($IL$8:IL32))," ") | LZ32: =IFERROR(ROWS($IL$8:IL32)," ") -> 25 | MA32: =IFERROR(IF([1]Checklist!$C$7='GenInfo (2)'!E32,'GenInfo (2)'!LZ32," ")," ") | MB32: =IFERROR(SMALL($MA$8:$MA$94,ROWS($IL$8:IL32))," ") | MC32: =IFERROR(ROWS($IL$8:IL32)," ") -> 25 | MD32: =IFERROR(IF([1]Checklist!$C$8='GenInfo (2)'!E32,'GenInfo (2)'!MC32," ")," ") | ME32: =IFERROR(SMALL($MD$8:$MD$94,ROWS($IL$8:IL32))," ") | MF32: =IFERROR(ROWS($IL$8:IL32)," ") -> 25 | MG32: =IFERROR(IF([1]Checklist!$C$9='GenInfo (2)'!E32,'GenInfo (2)'!MF32," ")," ") | MH32: =IFERROR(SMALL($MG$8:$MG$94,ROWS($IL$8:IL32))," ") | MI32: =IFERROR(ROWS($IL$8:$IL32)," ") -> 25 | MJ32: =IFERROR(IF([1]Checklist!$C$10='GenInfo (2)'!E32,'GenInfo (2)'!MI32," ")," ") | MK32: =IFERROR(SMALL($MJ$8:$MJ$94,ROWS($IL$8:IL32))," ") | ML32: =IFERROR(ROWS($IL$8:IL32)," ") -> 25 | MM32: =IFERROR(IF([1]Checklist!$C$11='GenInfo (2)'!E32,'GenInfo (2)'!ML32," ")," ") -> 25 | MN32: =IFERROR(SMALL($MM$8:$MM$94,ROWS($IL$8:IL32))," ") | MO32: =IFERROR(ROWS($IL$8:IL32)," ") -> 25 | MP32: =IFERROR(IF([1]Checklist!$C$12='GenInfo (2)'!E32,'GenInfo (2)'!MO32," ")," ") | MQ32: =IFERROR(SMALL($MP$8:$MP$94,ROWS($IL$8:IL32))," ") | MR32: =IFERROR(ROWS($IL$8:IL32)," ") -> 25 | MS32: =IFERROR(IF([1]Checklist!$C$13='GenInfo (2)'!E32,'GenInfo (2)'!MR32," ")," ") | MT32: =IFERROR(SMALL($MS$8:$MS$94,ROWS($IL$8:IL32))," ") | MU32: =IFERROR(ROWS($IL$8:IL32)," ") -> 25 | MV32: =IFERROR(IF([1]Checklist!$C$14='GenInfo (2)'!E32,'GenInfo (2)'!MU32," ")," ") | MW32: =IFERROR(SMALL($MV$8:$MV$94,ROWS($IL$8:IL32))," ") | MX32: =IFERROR(ROWS($IL$8:IL32)," ") -> 25 | MY32: =IFERROR(IF([1]Checklist!$C$15='GenInfo (2)'!E32,'GenInfo (2)'!MX32," ")," ") | MZ32: =IFERROR(SMALL($MY$8:$MY$94,ROWS($IL$8:IL32))," ") | NA32: =IFERROR(ROWS($IL$8:IL32)," ") -> 25 | NB32: =IFERROR(IF([1]Checklist!$C$16='GenInfo (2)'!E32,'GenInfo (2)'!NA32," ")," ") | NC32: =IFERROR(SMALL($NB$8:$NB$94,ROWS($IL$8:IL32))," ") | ND32: =IFERROR(ROWS($IL$8:IL32)," ") -> 25 | NE32: =IFERROR(IF([1]Checklist!$C$17='GenInfo (2)'!E32,'GenInfo (2)'!ND32," ")," ") | NF32: =IFERROR(SMALL($NE$8:$NE$94,ROWS($IL$8:IL32))," ")
A33: x | B33: 171 | C33: Sample25 | D33: Student25 | E33: McKinley Lakeside Leadership Academy | F33: X8886686 | G33: Referral not accepted by school | I33: SSample25@asn.com | J33: 773-555-0025 | L33: 43768 | M33: 43768 | N33: x | O33: 43770 | AB33: Bianca Usher | AC33: (708) 747-2655 | AD33: bianca.usher@illinois.gov | AE33: National Youth Advocate | AF33: 4747 Lincoln Mall Dr. | AH33: Matteson | AI33: IL | AJ33: 60443 | AL33: =IFERROR(DATEDIF(AN33,V33,"y"),"") | AM33: =IFERROR(DATEDIF($AN33,TODAY(),"y"),"") -> 19 | AN33: 37393 | AO33: =IFERROR(DATEDIF(TODAY(),EDATE(AN33,(12*21)),"m"),"") -> 15 | AP33: F | AQ33: African American | AR33: Shelter | AS33: 3 | AU33: Unk | AV33: Unk | AW33: 17 | AX33: Freshman | AY33: No | AZ33: No | BA33: No | BE33: =IFERROR(COUNTIF(CI33,">0")+COUNTIF(CS33,">0")+COUNTIF(DC33,">0")+COUNTIF(DM33,">0")+COUNTIF(DW33,">0")+COUNTIF(EG33,">0")," ") -> 0 | BF33: =IFERROR(COUNTIF(CJ33,">0")+COUNTIF(CT33,">0")+COUNTIF(DD33,">0")+COUNTIF(DN33,">0")+COUNTIF(DX33,">0")+COUNTIF(EH33,">0")," ") -> 0 | BG33: =IFERROR(COUNTIF(CK33,"<49.5%")+COUNTIF(CU33,"<49.5%")+COUNTIF(DE33,"<49.5%")+COUNTIF(DO33,"<49.5%")+COUNTIF(DY33,"<49.5%")+COUNTIF(EI33,"<49.5%")," ") -> 0 | BH33: =IFERROR(AVERAGE(CK33,CU33,DE33,DO33,DY33,EI33)," ") | BI33: =IFERROR(BG33/BE33," ") | BJ33: =IFERROR(COUNTIF(CN33,">0")+COUNTIF(CW33,">0")+COUNTIF(DH33,">0")+COUNTIF(DR33,">0")+COUNTIF(EB33,">0")+COUNTIF(EL33,">0")," ") -> 0 | BK33: =IFERROR(BJ33/BE33," ") | BL33: =IFERROR(SUM(BV33,CD33,CN33,CW33,DH33,DR33,EB33,EL33),"") -> 0 | BM33: =IFERROR(SUM(BW33,CE33,CO33,CX33,DI33,DS33,EC33,EM33),"") -> 0 | BS33: =IFERROR(BR33/BQ33," ") | BT33: 0 | BU33: 0 | BV33: 0 | BW33: 0 | CC33: =IFERROR(CB33/CA33," ") | CD33: 0 | CE33: 0 | CK33: =IFERROR(CJ33/CI33," ") | CL33: 0 | CM33: 0 | CN33: 0 | CO33: 0 | CU33: =IFERROR(CT33/CS33," ") | CV33: 0 | CW33: 0 | CX33: 0 | CY33: 0 | DE33: =IFERROR(DD33/DC33," ") | DF33: 0 | DG33: 0 | DH33: 0 | DI33: 0 | DJ33: Hiatus | DK33: 43808 | DL33: 43847 | DO33: =IFERROR(DN33/DM33," ") | DP33: 0 | DQ33: 0 | DR33: 0 | DS33: 0 | DT33: Hiatus | DU33: 43808 | DV33: 43847 | DY33: =IFERROR(DX33/DW33," ") | DZ33: 0 | EA33: 0 | EB33: 0 | EC33: 0 | EI33: =IFERROR(EH33/EG33," ") | EJ33: 0 | EK33: 0 | EL33: 0 | EM33: 0 | ES33: =IFERROR(ER33/EQ33," ") | ET33: 0 | EV33: 0 | EW33: 0 | FC33: =IFERROR(FB33/FA33," ") | FH33: =SUM(FD33:FG33) -> 0 | FN33: =IFERROR(FM33/FL33," ") | FS33: =SUM(FO33:FR33) -> 0 | FY33: =IFERROR(FX33/FW33," ") | GD33: =SUM(FZ33:GC33) -> 0 | GK33: =IFERROR(SUM(GH33:GJ33)," ") -> 0 | GN33: =IFERROR(SUM(GL33:GM33)," ") -> 0 | GO33: =IFERROR(GF33+GK33+GN33," ") | GY33: =IFERROR(IF(IN33>0,"X",""),"") | GZ33: =IFERROR(IF(JC33>0,"X",""),"") | HJ33: 1 | HL33: =IFERROR(IF(OR(IQ33>0,IR33>0,IS33>0),"x",""),"") | HM33: =IFERROR(IF(OR(IT33>0,IU33>0,IV33>0),"x",""),"") | HN33: =IFERROR(IF(OR(IW33>0,IX33>0,IY33>0,IZ33>0),"x",""),"") | HO33: =IFERROR(IF(OR(JE33>0,JF33>0,JG33>0,JH33>0),"x",""),"") | HP33: =IFERROR(IF(OR(JI33>0,JJ33>0,JK33>0),"x",""),"") | HQ33: =IFERROR(IF(OR(JL33>0,JM33>0,JN33>0,JO33>0),"x",""),"") | JA33: =COUNTIF(IO33:IZ33,">=0.0") -> 0 | JP33: =COUNTIF(JD33:JO33,">=0.0") -> 0 | JQ33: =JJ33-JF33 -> 0 | LN33: =IFERROR(ROWS($IL$8:IL33)," ") -> 26 | LO33: =IFERROR(IF([1]Checklist!$C$3='GenInfo (2)'!E33,'GenInfo (2)'!LN33," ")," ") | LP33: =IFERROR(SMALL($LO$8:$LO$94,ROWS($IL$8:IL33))," ") | LQ33: =IFERROR(ROWS($IL$8:IL33)," ") -> 26 | LR33: =IFERROR(IF([1]Checklist!$C$4='GenInfo (2)'!E33,'GenInfo (2)'!LQ33," ")," ") | LS33: =IFERROR(SMALL($LR$8:$LR$94,ROWS($IL$8:IL33))," ") | LT33: =IFERROR(ROWS($IL$8:IL33)," ") -> 26 | LU33: =IFERROR(IF([1]Checklist!$C$5='GenInfo (2)'!E33,'GenInfo (2)'!LT33," ")," ") | LV33: =IFERROR(SMALL($LU$8:$LU$94,ROWS($IL$8:IL33))," ") | LW33: =IFERROR(ROWS($IL$8:IL33)," ") -> 26 | LX33: =IFERROR(IF([1]Checklist!$C$6='GenInfo (2)'!E33,'GenInfo (2)'!LW33," ")," ") | LY33: =IFERROR(SMALL($LX$8:$LX$94,ROWS($IL$8:IL33))," ") | LZ33: =IFERROR(ROWS($IL$8:IL33)," ") -> 26 | MA33: =IFERROR(IF([1]Checklist!$C$7='GenInfo (2)'!E33,'GenInfo (2)'!LZ33," ")," ") | MB33: =IFERROR(SMALL($MA$8:$MA$94,ROWS($IL$8:IL33))," ") | MC33: =IFERROR(ROWS($IL$8:IL33)," ") -> 26 | MD33: =IFERROR(IF([1]Checklist!$C$8='GenInfo (2)'!E33,'GenInfo (2)'!MC33," ")," ") | ME33: =IFERROR(SMALL($MD$8:$MD$94,ROWS($IL$8:IL33))," ") | MF33: =IFERROR(ROWS($IL$8:IL33)," ") -> 26 | MG33: =IFERROR(IF([1]Checklist!$C$9='GenInfo (2)'!E33,'GenInfo (2)'!MF33," ")," ") | MH33: =IFERROR(SMALL($MG$8:$MG$94,ROWS($IL$8:IL33))," ") | MI33: =IFERROR(ROWS($IL$8:$IL33)," ") -> 26 | MJ33: =IFERROR(IF([1]Checklist!$C$10='GenInfo (2)'!E33,'GenInfo (2)'!MI33," ")," ") | MK33: =IFERROR(SMALL($MJ$8:$MJ$94,ROWS($IL$8:IL33))," ") | ML33: =IFERROR(ROWS($IL$8:IL33)," ") -> 26 | MM33: =IFERROR(IF([1]Checklist!$C$11='GenInfo (2)'!E33,'GenInfo (2)'!ML33," ")," ") | MN33: =IFERROR(SMALL($MM$8:$MM$94,ROWS($IL$8:IL33))," ") | MO33: =IFERROR(ROWS($IL$8:IL33)," ") -> 26 | MP33: =IFERROR(IF([1]Checklist!$C$12='GenInfo (2)'!E33,'GenInfo (2)'!MO33," ")," ") -> 26 | MQ33: =IFERROR(SMALL($MP$8:$MP$94,ROWS($IL$8:IL33))," ") | MR33: =IFERROR(ROWS($IL$8:IL33)," ") -> 26 | MS33: =IFERROR(IF([1]Checklist!$C$13='GenInfo (2)'!E33,'GenInfo (2)'!MR33," ")," ") | MT33: =IFERROR(SMALL($MS$8:$MS$94,ROWS($IL$8:IL33))," ") | MU33: =IFERROR(ROWS($IL$8:IL33)," ") -> 26 | MV33: =IFERROR(IF([1]Checklist!$C$14='GenInfo (2)'!E33,'GenInfo (2)'!MU33," ")," ") | MW33: =IFERROR(SMALL($MV$8:$MV$94,ROWS($IL$8:IL33))," ") | MX33: =IFERROR(ROWS($IL$8:IL33)," ") -> 26 | MY33: =IFERROR(IF([1]Checklist!$C$15='GenInfo (2)'!E33,'GenInfo (2)'!MX33," ")," ") | MZ33: =IFERROR(SMALL($MY$8:$MY$94,ROWS($IL$8:IL33))," ") | NA33: =IFERROR(ROWS($IL$8:IL33)," ") -> 26 | NB33: =IFERROR(IF([1]Checklist!$C$16='GenInfo (2)'!E33,'GenInfo (2)'!NA33," ")," ") | NC33: =IFERROR(SMALL($NB$8:$NB$94,ROWS($IL$8:IL33))," ") | ND33: =IFERROR(ROWS($IL$8:IL33)," ") -> 26 | NE33: =IFERROR(IF([1]Checklist!$C$17='GenInfo (2)'!E33,'GenInfo (2)'!ND33," ")," ") | NF33: =IFERROR(SMALL($NE$8:$NE$94,ROWS($IL$8:IL33))," ")
A34: x | B34: 188 | C34: Sample26 | D34: Student26 | E34: Olive-Harvey Middle College | F34: X6566585 | G34: Enrolled | I34: SSample26@asn.com | J34: 773-555-0026 | V34: 43556 | W34: Current | AB34: Erica Rosario | AC34: (773) 355-5564 | AD34: erosario@lydiahome.org | AE34: Lydia Home Association | AF34: 4839 W Irving Park Road | AH34: Chicago | AI34: IL | AJ34: 60641 | AL34: =IFERROR(DATEDIF(AN34,V34,"y"),"") -> 17 | AM34: =IFERROR(DATEDIF($AN34,TODAY(),"y"),"") -> 20 | AN34: 37160 | AO34: =IFERROR(DATEDIF(TODAY(),EDATE(AN34,(12*21)),"m"),"") -> 7 | AP34: M | AQ34: African American | AR34: TLP | AS34: 3 | AU34: 13 | AV34: 5 | AW34: 156 | AX34: Freshman | AY34: Yes | AZ34: No | BA34: No | BE34: =IFERROR(COUNTIF(CI34,">0")+COUNTIF(CS34,">0")+COUNTIF(DC34,">0")+COUNTIF(DM34,">0")+COUNTIF(DW34,">0")+COUNTIF(EG34,">0")," ") -> 6 | BF34: =IFERROR(COUNTIF(CJ34,">0")+COUNTIF(CT34,">0")+COUNTIF(DD34,">0")+COUNTIF(DN34,">0")+COUNTIF(DX34,">0")+COUNTIF(EH34,">0")," ") -> 6 | BG34: =IFERROR(COUNTIF(CK34,"<49.5%")+COUNTIF(CU34,"<49.5%")+COUNTIF(DE34,"<49.5%")+COUNTIF(DO34,"<49.5%")+COUNTIF(DY34,"<49.5%")+COUNTIF(EI34,"<49.5%")," ") -> 2 | BH34: =IFERROR(AVERAGE(CK34,CU34,DE34,DO34,DY34,EI34)," ") -> 0.70538981 | BI34: =IFERROR(BG34/BE34," ") -> 0.33333333 | BJ34: =IFERROR(COUNTIF(CN34,">0")+COUNTIF(CW34,">0")+COUNTIF(DH34,">0")+COUNTIF(DR34,">0")+COUNTIF(EB34,">0")+COUNTIF(EL34,">0")," ") -> 4 | BK34: =IFERROR(BJ34/BE34," ") -> 0.66666667 | BL34: =IFERROR(SUM(BV34,CD34,CN34,CW34,DH34,DR34,EB34,EL34),"") -> 62.5 | BM34: =IFERROR(SUM(BW34,CE34,CO34,CX34,DI34,DS34,EC34,EM34),"") -> 310 | BQ34: 8 | BR34: 5 | BS34: =IFERROR(BR34/BQ34," ") -> 0.625 | BT34: 0 | BU34: 0 | BV34: 0 | BW34: 0 | CA34: 2 | CB34: 2 | CC34: =IFERROR(CB34/CA34," ") -> 1 | CD34: 0 | CE34: 0 | CI34: 19 | CJ34: 13 | CK34: =IFERROR(CJ34/CI34," ") -> 0.68421053 | CL34: 0 | CM34: 0 | CN34: 0 | CO34: 0 | CS34: 22 | CT34: 17 | CU34: =IFERROR(CT34/CS34," ") -> 0.77272727 | CV34: 10 | CW34: 15 | CX34: 25 | CY34: 150 | DC34: 11 | DD34: 10 | DE34: =IFERROR(DD34/DC34," ") -> 0.90909091 | DF34: 12.5 | DG34: 0 | DH34: 12.5 | DI34: 75 | DM34: 11 | DN34: 5 | DO34: =IFERROR(DN34/DM34," ") -> 0.45454545 | DP34: 6.5 | DQ34: 7.5 | DR34: 14 | DS34: 84 | DW34: 17 | DX34: 16 | DY34: =IFERROR(DX34/DW34," ") -> 0.94117647 | DZ34: 0 | EA34: 0 | EB34: 0 | EC34: 0 | EG34: 17 | EH34: 8 | EI34: =IFERROR(EH34/EG34," ") -> 0.47058824 | EJ34: 14 | EK34: 7 | EL34: 21 | EM34: 126 | EQ34: 10 | ER34: 10 | ES34: =IFERROR(ER34/EQ34," ") -> 1 | ET34: 16 | EV34: 16 | EW34: 96 | FC34: =IFERROR(FB34/FA34," ") | FH34: =SUM(FD34:FG34) -> 0 | FN34: =IFERROR(FM34/FL34," ") | FS34: =SUM(FO34:FR34) -> 0 | FY34: =IFERROR(FX34/FW34," ") | GD34: =SUM(FZ34:GC34) -> 0 | GF34: 11 | GG34: Sophomore | GK34: =IFERROR(SUM(GH34:GJ34)," ") -> 0 | GL34: 0 | GN34: =IFERROR(SUM(GL34:GM34)," ") -> 0 | GO34: =IFERROR(GF34+GK34+GN34," ") -> 11 | GQ34: x | GR34: x | GS34: x | GT34: x | GU34: R | GV34: R | GW34: x | GX34: x | GY34: =IFERROR(IF(IN34>0,"X",""),"") -> X | GZ34: =IFERROR(IF(JC34>0,"X",""),"") -> X | HA34: x | HB34: x | HC34: 0 | HD34: 0 | HE34: 0 | HF34: 0 | HG34: x | HH34: 1 | HI34: 0 | HJ34: 0 | HK34: 0 | HL34: =IFERROR(IF(OR(IQ34>0,IR34>0,IS34>0),"x",""),"") -> x | HM34: =IFERROR(IF(OR(IT34>0,IU34>0,IV34>0),"x",""),"") | HN34: n/a | HO34: =IFERROR(IF(OR(JE34>0,JF34>0,JG34>0,JH34>0),"x",""),"") -> x | HP34: =IFERROR(IF(OR(JI34>0,JJ34>0,JK34>0),"x",""),"") | HQ34: n/a | HS34: x | HU34: m | HX34: x | HZ34: x | IA34: m | IC34: x | ID34: 19/20 | IE34: x | IF34: x | IG34: x | IH34: x | II34: x | IJ34: x | IK34: x | IN34: 4 | IR34: 3.5 | JA34: =COUNTIF(IO34:IZ34,">=0.0") -> 1 | JC34: 3.9 | JG34: 3.5 | JP34: =COUNTIF(JD34:JO34,">=0.0") -> 1 | LN34: =IFERROR(ROWS($IL$8:IL34)," ") -> 27 | LO34: =IFERROR(IF([1]Checklist!$C$3='GenInfo (2)'!E34,'GenInfo (2)'!LN34," ")," ") | LP34: =IFERROR(SMALL($LO$8:$LO$94,ROWS($IL$8:IL34))," ") | LQ34: =IFERROR(ROWS($IL$8:IL34)," ") -> 27 | LR34: =IFERROR(IF([1]Checklist!$C$4='GenInfo (2)'!E34,'GenInfo (2)'!LQ34," ")," ") | LS34: =IFERROR(SMALL($LR$8:$LR$94,ROWS($IL$8:IL34))," ") | LT34: =IFERROR(ROWS($IL$8:IL34)," ") -> 27 | LU34: =IFERROR(IF([1]Checklist!$C$5='GenInfo (2)'!E34,'GenInfo (2)'!LT34," ")," ") | LV34: =IFERROR(SMALL($LU$8:$LU$94,ROWS($IL$8:IL34))," ") | LW34: =IFERROR(ROWS($IL$8:IL34)," ") -> 27 | LX34: =IFERROR(IF([1]Checklist!$C$6='GenInfo (2)'!E34,'GenInfo (2)'!LW34," ")," ") | LY34: =IFERROR(SMALL($LX$8:$LX$94,ROWS($IL$8:IL34))," ") | LZ34: =IFERROR(ROWS($IL$8:IL34)," ") -> 27 | MA34: =IFERROR(IF([1]Checklist!$C$7='GenInfo (2)'!E34,'GenInfo (2)'!LZ34," ")," ") | MB34: =IFERROR(SMALL($MA$8:$MA$94,ROWS($IL$8:IL34))," ") | MC34: =IFERROR(ROWS($IL$8:IL34)," ") -> 27 | MD34: =IFERROR(IF([1]Checklist!$C$8='GenInfo (2)'!E34,'GenInfo (2)'!MC34," ")," ") | ME34: =IFERROR(SMALL($MD$8:$MD$94,ROWS($IL$8:IL34))," ") | MF34: =IFERROR(ROWS($IL$8:IL34)," ") -> 27 | MG34: =IFERROR(IF([1]Checklist!$C$9='GenInfo (2)'!E34,'GenInfo (2)'!MF34," ")," ") | MH34: =IFERROR(SMALL($MG$8:$MG$94,ROWS($IL$8:IL34))," ") | MI34: =IFERROR(ROWS($IL$8:$IL34)," ") -> 27 | MJ34: =IFERROR(IF([1]Checklist!$C$10='GenInfo (2)'!E34,'GenInfo (2)'!MI34," ")," ") | MK34: =IFERROR(SMALL($MJ$8:$MJ$94,ROWS($IL$8:IL34))," ") | ML34: =IFERROR(ROWS($IL$8:IL34)," ") -> 27 | MM34: =IFERROR(IF([1]Checklist!$C$11='GenInfo (2)'!E34,'GenInfo (2)'!ML34," ")," ") | MN34: =IFERROR(SMALL($MM$8:$MM$94,ROWS($IL$8:IL34))," ") | MO34: =IFERROR(ROWS($IL$8:IL34)," ") -> 27 | MP34: =IFERROR(IF([1]Checklist!$C$12='GenInfo (2)'!E34,'GenInfo (2)'!MO34," ")," ") | MQ34: =IFERROR(SMALL($MP$8:$MP$94,ROWS($IL$8:IL34))," ") | MR34: =IFERROR(ROWS($IL$8:IL34)," ") -> 27 | MS34: =IFERROR(IF([1]Checklist!$C$13='GenInfo (2)'!E34,'GenInfo (2)'!MR34," ")," ") -> 27 | MT34: =IFERROR(SMALL($MS$8:$MS$94,ROWS($IL$8:IL34))," ") | MU34: =IFERROR(ROWS($IL$8:IL34)," ") -> 27 | MV34: =IFERROR(IF([1]Checklist!$C$14='GenInfo (2)'!E34,'GenInfo (2)'!MU34," ")," ") | MW34: =IFERROR(SMALL($MV$8:$MV$94,ROWS($IL$8:IL34))," ") | MX34: =IFERROR(ROWS($IL$8:IL34)," ") -> 27 | MY34: =IFERROR(IF([1]Checklist!$C$15='GenInfo (2)'!E34,'GenInfo (2)'!MX34," ")," ") | MZ34: =IFERROR(SMALL($MY$8:$MY$94,ROWS($IL$8:IL34))," ") | NA34: =IFERROR(ROWS($IL$8:IL34)," ") -> 27 | NB34: =IFERROR(IF([1]Checklist!$C$16='GenInfo (2)'!E34,'GenInfo (2)'!NA34," ")," ") | NC34: =IFERROR(SMALL($NB$8:$NB$94,ROWS($IL$8:IL34))," ") | ND34: =IFERROR(ROWS($IL$8:IL34)," ") -> 27 | NE34: =IFERROR(IF([1]Checklist!$C$17='GenInfo (2)'!E34,'GenInfo (2)'!ND34," ")," ") | NF34: =IFERROR(SMALL($NE$8:$NE$94,ROWS($IL$8:IL34))," ")
A35: x | B35: 191 | C35: Sample27 | D35: Student27 | E35: Olive-Harvey Middle College | F35: P5656885 | G35: Enrolled | I35: SSample27@asn.com | J35: 773-555-0027 | L35: 43714 | M35: 43714 | N35: x | O35: 43709 | V35: 43720 | W35: Current | AB35: Martha Vincently | AC35: 773-840-4600 | AE35: MYSI | AF35: 3001 W. 111th St. | AH35: Chicago | AI35: IL | AJ35: 60655 | AL35: =IFERROR(DATEDIF(AN35,V35,"y"),"") -> 19 | AM35: =IFERROR(DATEDIF($AN35,TODAY(),"y"),"") -> 21 | AN35: 36700 | AO35: =IFERROR(DATEDIF(TODAY(),EDATE(AN35,(12*21)),"m"),"") | AP35: M | AQ35: African American | AR35: TLP | AX35: Senior | AY35: Yes | AZ35: No | BA35: No | BE35: =IFERROR(COUNTIF(CI35,">0")+COUNTIF(CS35,">0")+COUNTIF(DC35,">0")+COUNTIF(DM35,">0")+COUNTIF(DW35,">0")+COUNTIF(EG35,">0")," ") -> 5 | BF35: =IFERROR(COUNTIF(CJ35,">0")+COUNTIF(CT35,">0")+COUNTIF(DD35,">0")+COUNTIF(DN35,">0")+COUNTIF(DX35,">0")+COUNTIF(EH35,">0")," ") -> 5 | BG35: =IFERROR(COUNTIF(CK35,"<49.5%")+COUNTIF(CU35,"<49.5%")+COUNTIF(DE35,"<49.5%")+COUNTIF(DO35,"<49.5%")+COUNTIF(DY35,"<49.5%")+COUNTIF(EI35,"<49.5%")," ") -> 3 | BH35: =IFERROR(AVERAGE(CK35,CU35,DE35,DO35,DY35,EI35)," ") -> 0.41238095 | BI35: =IFERROR(BG35/BE35," ") -> 0.6 | BJ35: =IFERROR(COUNTIF(CN35,">0")+COUNTIF(CW35,">0")+COUNTIF(DH35,">0")+COUNTIF(DR35,">0")+COUNTIF(EB35,">0")+COUNTIF(EL35,">0")," ") -> 0 | BK35: =IFERROR(BJ35/BE35," ") -> 0 | BL35: =IFERROR(SUM(BV35,CD35,CN35,CW35,DH35,DR35,EB35,EL35),"") -> 0 | BM35: =IFERROR(SUM(BW35,CE35,CO35,CX35,DI35,DS35,EC35,EM35),"") -> 0 | BS35: =IFERROR(BR35/BQ35," ") | BT35: 0 | BU35: 0 | BV35: 0 | BW35: 0 | CC35: =IFERROR(CB35/CA35," ") | CD35: 0 | CE35: 0 | CI35: 5 | CJ35: 4 | CK35: =IFERROR(CJ35/CI35," ") -> 0.8 | CL35: 0 | CM35: 0 | CN35: 0 | CO35: 0 | CS35: 16 | CT35: 8 | CU35: =IFERROR(CT35/CS35," ") -> 0.5 | CV35: 0 | CW35: 0 | CX35: 0 | CY35: 0 | DC35: 7 | DD35: 3 | DE35: =IFERROR(DD35/DC35," ") -> 0.42857143 | DF35: 0 | DG35: 0 | DH35: 0 | DI35: 0 | DM35: 12 | DN35: 2 | DO35: =IFERROR(DN35/DM35," ") -> 0.16666667 | DP35: 0 | DQ35: 0 | DR35: 0 | DS35: 0 | DW35: 18 | DX35: 3 | DY35: =IFERROR(DX35/DW35," ") -> 0.16666667 | DZ35: 0 | EA35: 0 | EB35: 0 | EC35: 0 | ED35: Hiatus | EI35: =IFERROR(EH35/EG35," ") | EJ35: 0 | EK35: 0 | EL35: 0 | EM35: 0 | EQ35: 10 | ER35: 0 | ES35: =IFERROR(ER35/EQ35," ") -> 0 | ET35: 0 | EV35: 0 | EW35: 0 | FC35: =IFERROR(FB35/FA35," ") | FH35: =SUM(FD35:FG35) -> 0 | FN35: =IFERROR(FM35/FL35," ") | FS35: =SUM(FO35:FR35) -> 0 | FY35: =IFERROR(FX35/FW35," ") | GD35: =SUM(FZ35:GC35) -> 0 | GF35: 14 | GG35: Senior | GK35: =IFERROR(SUM(GH35:GJ35)," ") -> 0 | GL35: 0 | GN35: =IFERROR(SUM(GL35:GM35)," ") -> 0 | GO35: =IFERROR(GF35+GK35+GN35," ") -> 14 | GQ35: x | GR35: x | GS35: x | GT35: x | GU35: x | GV35: x | GW35: x | GX35: x | GY35: =IFERROR(IF(IN35>0,"X",""),"") -> X | GZ35: =IFERROR(IF(JC35>0,"X",""),"") -> X | HA35: x | HB35: x | HG35: x | HL35: =IFERROR(IF(OR(IQ35>0,IR35>0,IS35>0),"x",""),"") -> x | HM35: =IFERROR(IF(OR(IT35>0,IU35>0,IV35>0),"x",""),"") | HN35: n/a | HO35: =IFERROR(IF(OR(JE35>0,JF35>0,JG35>0,JH35>0),"x",""),"") -> x | HP35: =IFERROR(IF(OR(JI35>0,JJ35>0,JK35>0),"x",""),"") | HQ35: n/a | HS35: x | HU35: m | HX35: x | HZ35: n/a | IA35: m | IC35: x | IJ35: x | IN35: 7.7 | IQ35: 7.7 | JA35: =COUNTIF(IO35:IZ35,">=0.0") -> 1 | JC35: 8.9 | JF35: 8.9 | JP35: =COUNTIF(JD35:JO35,">=0.0") -> 1 | LN35: =IFERROR(ROWS($IL$8:IL35)," ") -> 28 | LO35: =IFERROR(IF([1]Checklist!$C$3='GenInfo (2)'!E35,'GenInfo (2)'!LN35," ")," ") | LP35: =IFERROR(SMALL($LO$8:$LO$94,ROWS($IL$8:IL35))," ") | LQ35: =IFERROR(ROWS($IL$8:IL35)," ") -> 28 | LR35: =IFERROR(IF([1]Checklist!$C$4='GenInfo (2)'!E35,'GenInfo (2)'!LQ35," ")," ") | LS35: =IFERROR(SMALL($LR$8:$LR$94,ROWS($IL$8:IL35))," ") | LT35: =IFERROR(ROWS($IL$8:IL35)," ") -> 28 | LU35: =IFERROR(IF([1]Checklist!$C$5='GenInfo (2)'!E35,'GenInfo (2)'!LT35," ")," ") | LV35: =IFERROR(SMALL($LU$8:$LU$94,ROWS($IL$8:IL35))," ") | LW35: =IFERROR(ROWS($IL$8:IL35)," ") -> 28 | LX35: =IFERROR(IF([1]Checklist!$C$6='GenInfo (2)'!E35,'GenInfo (2)'!LW35," ")," ") | LY35: =IFERROR(SMALL($LX$8:$LX$94,ROWS($IL$8:IL35))," ") | LZ35: =IFERROR(ROWS($IL$8:IL35)," ") -> 28 | MA35: =IFERROR(IF([1]Checklist!$C$7='GenInfo (2)'!E35,'GenInfo (2)'!LZ35," ")," ") | MB35: =IFERROR(SMALL($MA$8:$MA$94,ROWS($IL$8:IL35))," ") | MC35: =IFERROR(ROWS($IL$8:IL35)," ") -> 28 | MD35: =IFERROR(IF([1]Checklist!$C$8='GenInfo (2)'!E35,'GenInfo (2)'!MC35," ")," ") | ME35: =IFERROR(SMALL($MD$8:$MD$94,ROWS($IL$8:IL35))," ") | MF35: =IFERROR(ROWS($IL$8:IL35)," ") -> 28 | MG35: =IFERROR(IF([1]Checklist!$C$9='GenInfo (2)'!E35,'GenInfo (2)'!MF35," ")," ") | MH35: =IFERROR(SMALL($MG$8:$MG$94,ROWS($IL$8:IL35))," ") | MI35: =IFERROR(ROWS($IL$8:$IL35)," ") -> 28 | MJ35: =IFERROR(IF([1]Checklist!$C$10='GenInfo (2)'!E35,'GenInfo (2)'!MI35," ")," ") | MK35: =IFERROR(SMALL($MJ$8:$MJ$94,ROWS($IL$8:IL35))," ") | ML35: =IFERROR(ROWS($IL$8:IL35)," ") -> 28 | MM35: =IFERROR(IF([1]Checklist!$C$11='GenInfo (2)'!E35,'GenInfo (2)'!ML35," ")," ") | MN35: =IFERROR(SMALL($MM$8:$MM$94,ROWS($IL$8:IL35))," ") | MO35: =IFERROR(ROWS($IL$8:IL35)," ") -> 28 | MP35: =IFERROR(IF([1]Checklist!$C$12='GenInfo (2)'!E35,'GenInfo (2)'!MO35," ")," ") | MQ35: =IFERROR(SMALL($MP$8:$MP$94,ROWS($IL$8:IL35))," ") | MR35: =IFERROR(ROWS($IL$8:IL35)," ") -> 28 | MS35: =IFERROR(IF([1]Checklist!$C$13='GenInfo (2)'!E35,'GenInfo (2)'!MR35," ")," ") -> 28 | MT35: =IFERROR(SMALL($MS$8:$MS$94,ROWS($IL$8:IL35))," ") | MU35: =IFERROR(ROWS($IL$8:IL35)," ") -> 28 | MV35: =IFERROR(IF([1]Checklist!$C$14='GenInfo (2)'!E35,'GenInfo (2)'!MU35," ")," ") | MW35: =IFERROR(SMALL($MV$8:$MV$94,ROWS($IL$8:IL35))," ") | MX35: =IFERROR(ROWS($IL$8:IL35)," ") -> 28 | MY35: =IFERROR(IF([1]Checklist!$C$15='GenInfo (2)'!E35,'GenInfo (2)'!MX35," ")," ") | MZ35: =IFERROR(SMALL($MY$8:$MY$94,ROWS($IL$8:IL35))," ") | NA35: =IFERROR(ROWS($IL$8:IL35)," ") -> 28 | NB35: =IFERROR(IF([1]Checklist!$C$16='GenInfo (2)'!E35,'GenInfo (2)'!NA35," ")," ") | NC35: =IFERROR(SMALL($NB$8:$NB$94,ROWS($IL$8:IL35))," ") | ND35: =IFERROR(ROWS($IL$8:IL35)," ") -> 28 | NE35: =IFERROR(IF([1]Checklist!$C$17='GenInfo (2)'!E35,'GenInfo (2)'!ND35," ")," ") | NF35: =IFERROR(SMALL($NE$8:$NE$94,ROWS($IL$8:IL35))," ")
A36: x | B36: 194 | C36: Sample28 | D36: Student28 | E36: Olive-Harvey Middle College | F36: Y8896985 | G36: Officially pending | I36: SSample28@asn.com | J36: 773-555-0028 | L36: 43940 | M36: 43941 | N36: x | O36: 43922 | AB36: Tatianna Rogers | AC36: (773) 488-2580 | AD36: tatianna.rogers@illinois.gov | AF36: 7418 S. Cottage Grove | AH36: Chicago | AI36: IL | AJ36: 60619 | AM36: 16 | AN36: 37733 | AP36: F | AQ36: African American | AR36: Home of Relative | AS36: 3 | AT36: Unk | AU36: 11 | AV36: Unk | AW36: Unk | AX36: Freshman | AY36: No | AZ36: No | GK36: =IFERROR(SUM(GH36:GJ36)," ") -> 0 | GQ36: x | GT36: x | GU36: x | GV36: x | GW36: x | GX36: no | HH36: 1 | JP36: =COUNTIF(JD36:JO36,">=0.0") -> 0 | JQ36: =JJ36-JF36 -> 0 | LN36: =IFERROR(ROWS($IL$8:IL36)," ") -> 29 | LO36: =IFERROR(IF([1]Checklist!$C$3='GenInfo (2)'!E36,'GenInfo (2)'!LN36," ")," ") | LP36: =IFERROR(SMALL($LO$8:$LO$94,ROWS($IL$8:IL36))," ") | LQ36: =IFERROR(ROWS($IL$8:IL36)," ") -> 29 | LR36: =IFERROR(IF([1]Checklist!$C$4='GenInfo (2)'!E36,'GenInfo (2)'!LQ36," ")," ") | LS36: =IFERROR(SMALL($LR$8:$LR$94,ROWS($IL$8:IL36))," ") | LT36: =IFERROR(ROWS($IL$8:IL36)," ") -> 29 | LU36: =IFERROR(IF([1]Checklist!$C$5='GenInfo (2)'!E36,'GenInfo (2)'!LT36," ")," ") | LV36: =IFERROR(SMALL($LU$8:$LU$94,ROWS($IL$8:IL36))," ") | LW36: =IFERROR(ROWS($IL$8:IL36)," ") -> 29 | LX36: =IFERROR(IF([1]Checklist!$C$6='GenInfo (2)'!E36,'GenInfo (2)'!LW36," ")," ") | LY36: =IFERROR(SMALL($LX$8:$LX$94,ROWS($IL$8:IL36))," ") | LZ36: =IFERROR(ROWS($IL$8:IL36)," ") -> 29 | MA36: =IFERROR(IF([1]Checklist!$C$7='GenInfo (2)'!E36,'GenInfo (2)'!LZ36," ")," ") | MB36: =IFERROR(SMALL($MA$8:$MA$94,ROWS($IL$8:IL36))," ") | MC36: =IFERROR(ROWS($IL$8:IL36)," ") -> 29 | MD36: =IFERROR(IF([1]Checklist!$C$8='GenInfo (2)'!E36,'GenInfo (2)'!MC36," ")," ") | ME36: =IFERROR(SMALL($MD$8:$MD$94,ROWS($IL$8:IL36))," ") | MF36: =IFERROR(ROWS($IL$8:IL36)," ") -> 29 | MG36: =IFERROR(IF([1]Checklist!$C$9='GenInfo (2)'!E36,'GenInfo (2)'!MF36," ")," ") | MH36: =IFERROR(SMALL($MG$8:$MG$94,ROWS($IL$8:IL36))," ") | MI36: =IFERROR(ROWS($IL$8:$IL36)," ") -> 29 | MJ36: =IFERROR(IF([1]Checklist!$C$10='GenInfo (2)'!E36,'GenInfo (2)'!MI36," ")," ") | MK36: =IFERROR(SMALL($MJ$8:$MJ$94,ROWS($IL$8:IL36))," ") | ML36: =IFERROR(ROWS($IL$8:IL36)," ") -> 29 | MM36: =IFERROR(IF([1]Checklist!$C$11='GenInfo (2)'!E36,'GenInfo (2)'!ML36," ")," ") | MN36: =IFERROR(SMALL($MM$8:$MM$94,ROWS($IL$8:IL36))," ") | MO36: =IFERROR(ROWS($IL$8:IL36)," ") -> 29 | MP36: =IFERROR(IF([1]Checklist!$C$12='GenInfo (2)'!E36,'GenInfo (2)'!MO36," ")," ") | MQ36: =IFERROR(SMALL($MP$8:$MP$94,ROWS($IL$8:IL36))," ") | MR36: =IFERROR(ROWS($IL$8:IL36)," ") -> 29 | MS36: =IFERROR(IF([1]Checklist!$C$13='GenInfo (2)'!E36,'GenInfo (2)'!MR36," ")," ") -> 29 | MT36: =IFERROR(SMALL($MS$8:$MS$94,ROWS($IL$8:IL36))," ") | MU36: =IFERROR(ROWS($IL$8:IL36)," ") -> 29 | MV36: =IFERROR(IF([1]Checklist!$C$14='GenInfo (2)'!E36,'GenInfo (2)'!MU36," ")," ") | MW36: =IFERROR(SMALL($MV$8:$MV$94,ROWS($IL$8:IL36))," ") | MX36: =IFERROR(ROWS($IL$8:IL36)," ") -> 29 | MY36: =IFERROR(IF([1]Checklist!$C$15='GenInfo (2)'!E36,'GenInfo (2)'!MX36," ")," ") | MZ36: =IFERROR(SMALL($MY$8:$MY$94,ROWS($IL$8:IL36))," ") | NA36: =IFERROR(ROWS($IL$8:IL36)," ") -> 29 | NB36: =IFERROR(IF([1]Checklist!$C$16='GenInfo (2)'!E36,'GenInfo (2)'!NA36," ")," ") | NC36: =IFERROR(SMALL($NB$8:$NB$94,ROWS($IL$8:IL36))," ") | ND36: =IFERROR(ROWS($IL$8:IL36)," ") -> 29 | NE36: =IFERROR(IF([1]Checklist!$C$17='GenInfo (2)'!E36,'GenInfo (2)'!ND36," ")," ") | NF36: =IFERROR(SMALL($NE$8:$NE$94,ROWS($IL$8:IL36))," ")
A37: x | B37: 196 | C37: Sample29 | D37: Student29 | E37: Olive-Harvey Middle College | F37: W9986889 | G37: Enrolled | I37: SSample29@asn.com | J37: 773-555-0029 | V37: 43563 | W37: Current | AB37: Martha Vincenty | AC37: 773-840-4600 | AD37: marthavincenty@myschicago.org | AE37: MYSI Inc. | AF37: 3001 W. 111th St. | AH37: Chicago | AI37: IL | AJ37: 60655 | AL37: =IFERROR(DATEDIF(AN37,V37,"y"),"") -> 18 | AM37: =IFERROR(DATEDIF($AN37,TODAY(),"y"),"") -> 21 | AN37: 36776 | AO37: =IFERROR(DATEDIF(TODAY(),EDATE(AN37,(12*21)),"m"),"") | AP37: F | AQ37: African American | AR37: TLP | AX37: Freshman | AY37: Yes | AZ37: No | BA37: No | BE37: =IFERROR(COUNTIF(CI37,">0")+COUNTIF(CS37,">0")+COUNTIF(DC37,">0")+COUNTIF(DM37,">0")+COUNTIF(DW37,">0")+COUNTIF(EG37,">0")," ") -> 6 | BF37: =IFERROR(COUNTIF(CJ37,">0")+COUNTIF(CT37,">0")+COUNTIF(DD37,">0")+COUNTIF(DN37,">0")+COUNTIF(DX37,">0")+COUNTIF(EH37,">0")," ") -> 6 | BG37: =IFERROR(COUNTIF(CK37,"<49.5%")+COUNTIF(CU37,"<49.5%")+COUNTIF(DE37,"<49.5%")+COUNTIF(DO37,"<49.5%")+COUNTIF(DY37,"<49.5%")+COUNTIF(EI37,"<49.5%")," ") -> 0 | BH37: =IFERROR(AVERAGE(CK37,CU37,DE37,DO37,DY37,EI37)," ") -> 0.65898268 | BI37: =IFERROR(BG37/BE37," ") -> 0 | BJ37: =IFERROR(COUNTIF(CN37,">0")+COUNTIF(CW37,">0")+COUNTIF(DH37,">0")+COUNTIF(DR37,">0")+COUNTIF(EB37,">0")+COUNTIF(EL37,">0")," ") -> 4 | BK37: =IFERROR(BJ37/BE37," ") -> 0.66666667 | BL37: =IFERROR(SUM(BV37,CD37,CN37,CW37,DH37,DR37,EB37,EL37),"") -> 59 | BM37: =IFERROR(SUM(BW37,CE37,CO37,CX37,DI37,DS37,EC37,EM37),"") -> 293.5 | BQ37: 14 | BR37: 10 | BS37: =IFERROR(BR37/BQ37," ") -> 0.71428571 | BT37: 0 | BU37: 0 | BV37: 0 | BW37: 0 | CA37: 7 | CB37: 7 | CC37: =IFERROR(CB37/CA37," ") -> 1 | CD37: 0 | CE37: 0 | CI37: 20 | CJ37: 13 | CK37: =IFERROR(CJ37/CI37," ") -> 0.65 | CL37: 0 | CM37: 2 | CN37: 2 | CO37: 12 | CS37: 22 | CT37: 18 | CU37: =IFERROR(CT37/CS37," ") -> 0.81818182 | CV37: 7 | CW37: 13.5 | CX37: 20.5 | CY37: 123 | DC37: 14 | DD37: 11 | DE37: =IFERROR(DD37/DC37," ") -> 0.78571429 | DF37: 17 | DG37: 8 | DH37: 25 | DI37: 150 | DM37: 12 | DN37: 8 | DO37: =IFERROR(DN37/DM37," ") -> 0.66666667 | DP37: 10 | DQ37: 8.5 | DR37: 18.5 | DS37: 111 | DW37: 15 | DX37: 8 | DY37: =IFERROR(DX37/DW37," ") -> 0.53333333 | DZ37: 0 | EA37: 0 | EB37: 0 | EC37: 0 | EG37: 18 | EH37: 9 | EI37: =IFERROR(EH37/EG37," ") -> 0.5 | EJ37: 0 | EK37: 0 | EL37: 0 | EM37: 0 | ES37: =IFERROR(ER37/EQ37," ") | ET37: 0 | EV37: 0 | EW37: 0 | FC37: =IFERROR(FB37/FA37," ") | FH37: =SUM(FD37:FG37) -> 0 | FN37: =IFERROR(FM37/FL37," ") | FS37: =SUM(FO37:FR37) -> 0 | FY37: =IFERROR(FX37/FW37," ") | GD37: =SUM(FZ37:GC37) -> 0 | GF37: 17.25 | GG37: Senior | GK37: =IFERROR(SUM(GH37:GJ37)," ") -> 0 | GL37: 0 | GN37: =IFERROR(SUM(GL37:GM37)," ") -> 0 | GO37: =IFERROR(GF37+GK37+GN37," ") -> 17.25 | GQ37: x | GR37: x | GS37: x | GT37: x | GU37: x | GV37: x | GW37: x | GX37: x | GY37: =IFERROR(IF(IN37>0,"X",""),"") -> X | GZ37: =IFERROR(IF(JC37>0,"X",""),"") -> X | HA37: x | HB37: x | HC37: 0 | HD37: 0 | HE37: 0 | HF37: 0 | HG37: x | HH37: 1 | HI37: 0 | HJ37: 0 | HK37: 0 | HL37: m | HM37: =IFERROR(IF(OR(IT37>0,IU37>0,IV37>0),"x",""),"") | HN37: n/a | HO37: m | HP37: =IFERROR(IF(OR(JI37>0,JJ37>0,JK37>0),"x",""),"") | HQ37: n/a | HS37: x | HU37: m | HX37: x | HZ37: x | IA37: m | IC37: x | ID37: 19/20 | IE37: x | IF37: x | IG37: x | IH37: x | II37: x | IJ37: x | IK37: x | IN37: 4.1 | JA37: =COUNTIF(IO37:IZ37,">=0.0") -> 0 | JC37: 6.9 | JP37: =COUNTIF(JD37:JO37,">=0.0") -> 0 | LN37: =IFERROR(ROWS($IL$8:IL37)," ") -> 30 | LO37: =IFERROR(IF([1]Checklist!$C$3='GenInfo (2)'!E37,'GenInfo (2)'!LN37," ")," ") | LP37: =IFERROR(SMALL($LO$8:$LO$94,ROWS($IL$8:IL37))," ") | LQ37: =IFERROR(ROWS($IL$8:IL37)," ") -> 30 | LR37: =IFERROR(IF([1]Checklist!$C$4='GenInfo (2)'!E37,'GenInfo (2)'!LQ37," ")," ") | LS37: =IFERROR(SMALL($LR$8:$LR$94,ROWS($IL$8:IL37))," ") | LT37: =IFERROR(ROWS($IL$8:IL37)," ") -> 30 | LU37: =IFERROR(IF([1]Checklist!$C$5='GenInfo (2)'!E37,'GenInfo (2)'!LT37," ")," ") | LV37: =IFERROR(SMALL($LU$8:$LU$94,ROWS($IL$8:IL37))," ") | LW37: =IFERROR(ROWS($IL$8:IL37)," ") -> 30 | LX37: =IFERROR(IF([1]Checklist!$C$6='GenInfo (2)'!E37,'GenInfo (2)'!LW37," ")," ") | LY37: =IFERROR(SMALL($LX$8:$LX$94,ROWS($IL$8:IL37))," ") | LZ37: =IFERROR(ROWS($IL$8:IL37)," ") -> 30 | MA37: =IFERROR(IF([1]Checklist!$C$7='GenInfo (2)'!E37,'GenInfo (2)'!LZ37," ")," ") | MB37: =IFERROR(SMALL($MA$8:$MA$94,ROWS($IL$8:IL37))," ") | MC37: =IFERROR(ROWS($IL$8:IL37)," ") -> 30 | MD37: =IFERROR(IF([1]Checklist!$C$8='GenInfo (2)'!E37,'GenInfo (2)'!MC37," ")," ") | ME37: =IFERROR(SMALL($MD$8:$MD$94,ROWS($IL$8:IL37))," ") | MF37: =IFERROR(ROWS($IL$8:IL37)," ") -> 30 | MG37: =IFERROR(IF([1]Checklist!$C$9='GenInfo (2)'!E37,'GenInfo (2)'!MF37," ")," ") | MH37: =IFERROR(SMALL($MG$8:$MG$94,ROWS($IL$8:IL37))," ") | MI37: =IFERROR(ROWS($IL$8:$IL37)," ") -> 30 | MJ37: =IFERROR(IF([1]Checklist!$C$10='GenInfo (2)'!E37,'GenInfo (2)'!MI37," ")," ") | MK37: =IFERROR(SMALL($MJ$8:$MJ$94,ROWS($IL$8:IL37))," ") | ML37: =IFERROR(ROWS($IL$8:IL37)," ") -> 30 | MM37: =IFERROR(IF([1]Checklist!$C$11='GenInfo (2)'!E37,'GenInfo (2)'!ML37," ")," ") | MN37: =IFERROR(SMALL($MM$8:$MM$94,ROWS($IL$8:IL37))," ") | MO37: =IFERROR(ROWS($IL$8:IL37)," ") -> 30 | MP37: =IFERROR(IF([1]Checklist!$C$12='GenInfo (2)'!E37,'GenInfo (2)'!MO37," ")," ") | MQ37: =IFERROR(SMALL($MP$8:$MP$94,ROWS($IL$8:IL37))," ") | MR37: =IFERROR(ROWS($IL$8:IL37)," ") -> 30 | MS37: =IFERROR(IF([1]Checklist!$C$13='GenInfo (2)'!E37,'GenInfo (2)'!MR37," ")," ") -> 30 | MT37: =IFERROR(SMALL($MS$8:$MS$94,ROWS($IL$8:IL37))," ") | MU37: =IFERROR(ROWS($IL$8:IL37)," ") -> 30 | MV37: =IFERROR(IF([1]Checklist!$C$14='GenInfo (2)'!E37,'GenInfo (2)'!MU37," ")," ") | MW37: =IFERROR(SMALL($MV$8:$MV$94,ROWS($IL$8:IL37))," ") | MX37: =IFERROR(ROWS($IL$8:IL37)," ") -> 30 | MY37: =IFERROR(IF([1]Checklist!$C$15='GenInfo (2)'!E37,'GenInfo (2)'!MX37," ")," ") | MZ37: =IFERROR(SMALL($MY$8:$MY$94,ROWS($IL$8:IL37))," ") | NA37: =IFERROR(ROWS($IL$8:IL37)," ") -> 30 | NB37: =IFERROR(IF([1]Checklist!$C$16='GenInfo (2)'!E37,'GenInfo (2)'!NA37," ")," ") | NC37: =IFERROR(SMALL($NB$8:$NB$94,ROWS($IL$8:IL37))," ") | ND37: =IFERROR(ROWS($IL$8:IL37)," ") -> 30 | NE37: =IFERROR(IF([1]Checklist!$C$17='GenInfo (2)'!E37,'GenInfo (2)'!ND37," ")," ") | NF37: =IFERROR(SMALL($NE$8:$NE$94,ROWS($IL$8:IL37))," ")
A38: x | B38: 204 | C38: Sample30 | D38: Student30 | E38: Progressive Leadership Academy | F38: R9668585 | G38: Transferred in network | I38: SSample30@asn.com | J38: 773-555-0030 | V38: 43546 | W38: 43770 | AB38: Sarah Jacobs | AC38: (773) 355-5572 | AD38: sjacobs@lydiahome.org | AE38: Lydia Home Association | AF38: 4839 W Irving Park Boulevard | AH38: Chicago | AI38: IL | AJ38: 60641 | AL38: =IFERROR(DATEDIF(AN38,V38,"y"),"") -> 16 | AM38: =IFERROR(DATEDIF($AN38,TODAY(),"y"),"") -> 19 | AN38: 37540 | AO38: =IFERROR(DATEDIF(TODAY(),EDATE(AN38,(12*21)),"m"),"") -> 20 | AP38: F | AQ38: African American | AR38: Home of relative | AS38: 2 | AT38: 365 | AU38: 15 | AV38: 2 | AW38: 0 | AX38: Freshman | AY38: No | AZ38: No | BA38: No | BE38: =IFERROR(COUNTIF(CI38,">0")+COUNTIF(CS38,">0")+COUNTIF(DC38,">0")+COUNTIF(DM38,">0")+COUNTIF(DW38,">0")+COUNTIF(EG38,">0")," ") -> 1 | BF38: =IFERROR(COUNTIF(CJ38,">0")+COUNTIF(CT38,">0")+COUNTIF(DD38,">0")+COUNTIF(DN38,">0")+COUNTIF(DX38,">0")+COUNTIF(EH38,">0")," ") -> 0 | BG38: =IFERROR(COUNTIF(CK38,"<49.5%")+COUNTIF(CU38,"<49.5%")+COUNTIF(DE38,"<49.5%")+COUNTIF(DO38,"<49.5%")+COUNTIF(DY38,"<49.5%")+COUNTIF(EI38,"<49.5%")," ") -> 1 | BH38: =IFERROR(AVERAGE(CK38,CU38,DE38,DO38,DY38,EI38)," ") -> 0 | BI38: =IFERROR(BG38/BE38," ") -> 1 | BJ38: =IFERROR(COUNTIF(CN38,">0")+COUNTIF(CW38,">0")+COUNTIF(DH38,">0")+COUNTIF(DR38,">0")+COUNTIF(EB38,">0")+COUNTIF(EL38,">0")," ") -> 0 | BK38: =IFERROR(BJ38/BE38," ") -> 0 | BL38: =IFERROR(SUM(BV38,CD38,CN38,CW38,DH38,DR38,EB38,EL38),"") -> 0 | BM38: =IFERROR(SUM(BW38,CE38,CO38,CX38,DI38,DS38,EC38,EM38),"") -> 0 | BS38: =IFERROR(BR38/BQ38," ") | BT38: 0 | BU38: 0 | BV38: 0 | BW38: 0 | CC38: =IFERROR(CB38/CA38," ") | CD38: 0 | CE38: 0 | CI38: 21 | CJ38: 0 | CK38: =IFERROR(CJ38/CI38," ") -> 0 | CL38: 0 | CM38: 0 | CN38: 0 | CO38: 0 | CU38: =IFERROR(CT38/CS38," ") | CV38: 0 | CW38: 0 | CX38: 0 | CY38: 0 | DE38: =IFERROR(DD38/DC38," ") | DF38: 0 | DG38: 0 | DH38: 0 | DI38: 0 | DO38: =IFERROR(DN38/DM38," ") | DP38: 0 | DQ38: 0 | DR38: 0 | DS38: 0 | DY38: =IFERROR(DX38/DW38," ") | DZ38: 0 | EA38: 0 | EB38: 0 | EC38: 0 | EI38: =IFERROR(EH38/EG38," ") | EJ38: 0 | EK38: 0 | EL38: 0 | EM38: 0 | ES38: =IFERROR(ER38/EQ38," ") | ET38: 0 | EV38: 0 | EW38: 0 | FC38: =IFERROR(FB38/FA38," ") | FH38: =SUM(FD38:FG38) -> 0 | FN38: =IFERROR(FM38/FL38," ") | FS38: =SUM(FO38:FR38) -> 0 | FY38: =IFERROR(FX38/FW38," ") | GD38: =SUM(FZ38:GC38) -> 0 | GF38: 0 | GG38: Pending | GK38: =IFERROR(SUM(GH38:GJ38)," ") -> 0 | GN38: =IFERROR(SUM(GL38:GM38)," ") -> 0 | GO38: =IFERROR(GF38+GK38+GN38," ") -> 0 | GQ38: x | GR38: x | GS38: x | GT38: x | GU38: x | GV38: x | GW38: x | GX38: no | GY38: =IFERROR(IF(IN38>0,"X",""),"") -> X | GZ38: =IFERROR(IF(JC38>0,"X",""),"") -> X | HA38: x | HB38: x | HC38: 0 | HD38: 0 | HE38: 0 | HF38: 0 | HG38: x | HI38: 0 | HJ38: 0 | HK38: 0 | HL38: n/a | HM38: =IFERROR(IF(OR(IT38>0,IU38>0,IV38>0),"x",""),"") | HN38: =IFERROR(IF(OR(IW38>0,IX38>0,IY38>0,IZ38>0),"x",""),"") | HO38: n/a | HP38: n/a | HQ38: n/a | HZ38: m | IC38: x | ID38: 19/20 | IE38: 0 | IF38: 0 | IG38: 0 | IH38: 0 | II38: 0 | IJ38: 0 | IK38: 0 | IL38: 0 | IN38: 9.3 | JA38: =COUNTIF(IO38:IZ38,">=0.0") -> 0 | JC38: 7.7 | JP38: =COUNTIF(JD38:JO38,">=0.0") -> 0 | LN38: =IFERROR(ROWS($IL$8:IL38)," ") -> 31 | LO38: =IFERROR(IF([1]Checklist!$C$3='GenInfo (2)'!E38,'GenInfo (2)'!LN38," ")," ") | LP38: =IFERROR(SMALL($LO$8:$LO$94,ROWS($IL$8:IL38))," ") | LQ38: =IFERROR(ROWS($IL$8:IL38)," ") -> 31 | LR38: =IFERROR(IF([1]Checklist!$C$4='GenInfo (2)'!E38,'GenInfo (2)'!LQ38," ")," ") | LS38: =IFERROR(SMALL($LR$8:$LR$94,ROWS($IL$8:IL38))," ") | LT38: =IFERROR(ROWS($IL$8:IL38)," ") -> 31 | LU38: =IFERROR(IF([1]Checklist!$C$5='GenInfo (2)'!E38,'GenInfo (2)'!LT38," ")," ") | LV38: =IFERROR(SMALL($LU$8:$LU$94,ROWS($IL$8:IL38))," ") | LW38: =IFERROR(ROWS($IL$8:IL38)," ") -> 31 | LX38: =IFERROR(IF([1]Checklist!$C$6='GenInfo (2)'!E38,'GenInfo (2)'!LW38," ")," ") | LY38: =IFERROR(SMALL($LX$8:$LX$94,ROWS($IL$8:IL38))," ") | LZ38: =IFERROR(ROWS($IL$8:IL38)," ") -> 31 | MA38: =IFERROR(IF([1]Checklist!$C$7='GenInfo (2)'!E38,'GenInfo (2)'!LZ38," ")," ") | MB38: =IFERROR(SMALL($MA$8:$MA$94,ROWS($IL$8:IL38))," ") | MC38: =IFERROR(ROWS($IL$8:IL38)," ") -> 31 | MD38: =IFERROR(IF([1]Checklist!$C$8='GenInfo (2)'!E38,'GenInfo (2)'!MC38," ")," ") | ME38: =IFERROR(SMALL($MD$8:$MD$94,ROWS($IL$8:IL38))," ") | MF38: =IFERROR(ROWS($IL$8:IL38)," ") -> 31 | MG38: =IFERROR(IF([1]Checklist!$C$9='GenInfo (2)'!E38,'GenInfo (2)'!MF38," ")," ") | MH38: =IFERROR(SMALL($MG$8:$MG$94,ROWS($IL$8:IL38))," ") | MI38: =IFERROR(ROWS($IL$8:$IL38)," ") -> 31 | MJ38: =IFERROR(IF([1]Checklist!$C$10='GenInfo (2)'!E38,'GenInfo (2)'!MI38," ")," ") | MK38: =IFERROR(SMALL($MJ$8:$MJ$94,ROWS($IL$8:IL38))," ") | ML38: =IFERROR(ROWS($IL$8:IL38)," ") -> 31 | MM38: =IFERROR(IF([1]Checklist!$C$11='GenInfo (2)'!E38,'GenInfo (2)'!ML38," ")," ") | MN38: =IFERROR(SMALL($MM$8:$MM$94,ROWS($IL$8:IL38))," ") | MO38: =IFERROR(ROWS($IL$8:IL38)," ") -> 31 | MP38: =IFERROR(IF([1]Checklist!$C$12='GenInfo (2)'!E38,'GenInfo (2)'!MO38," ")," ") | MQ38: =IFERROR(SMALL($MP$8:$MP$94,ROWS($IL$8:IL38))," ") | MR38: =IFERROR(ROWS($IL$8:IL38)," ") -> 31 | MS38: =IFERROR(IF([1]Checklist!$C$13='GenInfo (2)'!E38,'GenInfo (2)'!MR38," ")," ") | MT38: =IFERROR(SMALL($MS$8:$MS$94,ROWS($IL$8:IL38))," ") | MU38: =IFERROR(ROWS($IL$8:IL38)," ") -> 31 | MV38: =IFERROR(IF([1]Checklist!$C$14='GenInfo (2)'!E38,'GenInfo (2)'!MU38," ")," ") -> 31 | MW38: =IFERROR(SMALL($MV$8:$MV$94,ROWS($IL$8:IL38))," ") | MX38: =IFERROR(ROWS($IL$8:IL38)," ") -> 31 | MY38: =IFERROR(IF([1]Checklist!$C$15='GenInfo (2)'!E38,'GenInfo (2)'!MX38," ")," ") | MZ38: =IFERROR(SMALL($MY$8:$MY$94,ROWS($IL$8:IL38))," ") | NA38: =IFERROR(ROWS($IL$8:IL38)," ") -> 31 | NB38: =IFERROR(IF([1]Checklist!$C$16='GenInfo (2)'!E38,'GenInfo (2)'!NA38," ")," ") | NC38: =IFERROR(SMALL($NB$8:$NB$94,ROWS($IL$8:IL38))," ") | ND38: =IFERROR(ROWS($IL$8:IL38)," ") -> 31 | NE38: =IFERROR(IF([1]Checklist!$C$17='GenInfo (2)'!E38,'GenInfo (2)'!ND38," ")," ") | NF38: =IFERROR(SMALL($NE$8:$NE$94,ROWS($IL$8:IL38))," ")
A39: x | B39: 212 | C39: Sample31 | D39: Student31 | E39: Progressive Leadership Academy | F39: P6756687 | G39: Discharged | I39: SSample31@asn.com | J39: 773-555-0031 | L39: 43607 | M39: 43608 | N39: X | O39: 43586 | R39: Accepted | V39: 43654 | W39: 43739 | X39: Truant | Y39: 43739 | Z39: Truant | AB39: Loyola Moore | AC39: (773) 753-0600 | AD39: loyola_moore@lcfs.org | AE39: Lutheran Child and Family Services | AF39: 7601 S. Kostner | AG39: Suite 300 | AH39: Chicago | AI39: IL | AJ39: 60652 | AL39: =IFERROR(DATEDIF(AN39,V39,"y"),"") -> 16 | AM39: =IFERROR(DATEDIF($AN39,TODAY(),"y"),"") -> 19 | AN39: 37631 | AO39: =IFERROR(DATEDIF(TODAY(),EDATE(AN39,(12*21)),"m"),"") -> 23 | AP39: M | AQ39: African American | AR39: Foster home | AS39: 1 | AT39: 3.5 | AX39: Pending | AY39: Yes | AZ39: No | BA39: No | BE39: =IFERROR(COUNTIF(CI39,">0")+COUNTIF(CS39,">0")+COUNTIF(DC39,">0")+COUNTIF(DM39,">0")+COUNTIF(DW39,">0")+COUNTIF(EG39,">0")," ") -> 1 | BF39: =IFERROR(COUNTIF(CJ39,">0")+COUNTIF(CT39,">0")+COUNTIF(DD39,">0")+COUNTIF(DN39,">0")+COUNTIF(DX39,">0")+COUNTIF(EH39,">0")," ") -> 0 | BG39: =IFERROR(COUNTIF(CK39,"<49.5%")+COUNTIF(CU39,"<49.5%")+COUNTIF(DE39,"<49.5%")+COUNTIF(DO39,"<49.5%")+COUNTIF(DY39,"<49.5%")+COUNTIF(EI39,"<49.5%")," ") -> 1 | BH39: =IFERROR(AVERAGE(CK39,CU39,DE39,DO39,DY39,EI39)," ") -> 0 | BI39: =IFERROR(BG39/BE39," ") -> 1 | BJ39: =IFERROR(COUNTIF(CN39,">0")+COUNTIF(CW39,">0")+COUNTIF(DH39,">0")+COUNTIF(DR39,">0")+COUNTIF(EB39,">0")+COUNTIF(EL39,">0")," ") -> 0 | BK39: =IFERROR(BJ39/BE39," ") -> 0 | BL39: =IFERROR(SUM(BV39,CD39,CN39,CW39,DH39,DR39,EB39,EL39),"") -> 0 | BM39: =IFERROR(SUM(BW39,CE39,CO39,CX39,DI39,DS39,EC39,EM39),"") -> 0 | BS39: =IFERROR(BR39/BQ39," ") | BT39: 0 | BU39: 0 | BV39: 0 | BW39: 0 | CC39: =IFERROR(CB39/CA39," ") | CD39: 0 | CE39: 0 | CI39: 21 | CJ39: 0 | CK39: =IFERROR(CJ39/CI39," ") -> 0 | CL39: 0 | CM39: 0 | CN39: 0 | CO39: 0 | CU39: =IFERROR(CT39/CS39," ") | CV39: 0 | CW39: 0 | CX39: 0 | CY39: 0 | DE39: =IFERROR(DD39/DC39," ") | DF39: 0 | DG39: 0 | DH39: 0 | DI39: 0 | DO39: =IFERROR(DN39/DM39," ") | DP39: 0 | DQ39: 0 | DR39: 0 | DS39: 0 | DY39: =IFERROR(DX39/DW39," ") | DZ39: 0 | EA39: 0 | EB39: 0 | EC39: 0 | EI39: =IFERROR(EH39/EG39," ") | EJ39: 0 | EK39: 0 | EL39: 0 | EM39: 0 | ES39: =IFERROR(ER39/EQ39," ") | ET39: 0 | EV39: 0 | EW39: 0 | FC39: =IFERROR(FB39/FA39," ") | FH39: =SUM(FD39:FG39) -> 0 | FN39: =IFERROR(FM39/FL39," ") | FS39: =SUM(FO39:FR39) -> 0 | FY39: =IFERROR(FX39/FW39," ") | GD39: =SUM(FZ39:GC39) -> 0 | GF39: 0 | GG39: Pending | GK39: =IFERROR(SUM(GH39:GJ39)," ") -> 0 | GN39: =IFERROR(SUM(GL39:GM39)," ") -> 0 | GO39: =IFERROR(GF39+GK39+GN39," ") -> 0 | GQ39: x | GR39: n/a | GS39: x | GT39: n/a | GU39: x | GV39: n/a | GW39: x | GX39: x | GY39: n/a | GZ39: n/a | HA39: x | HB39: x | HC39: x | HD39: x | HE39: n/a | HF39: n/a | HG39: n/a | HH39: 0 | HI39: 0 | HJ39: 0 | HK39: 0 | HL39: n/a | HM39: =IFERROR(IF(OR(IT39>0,IU39>0,IV39>0),"x",""),"") | HN39: =IFERROR(IF(OR(IW39>0,IX39>0,IY39>0,IZ39>0),"x",""),"") | HO39: n/a | HP39: n/a | HQ39: n/a | HZ39: n/a | IC39: x | ID39: 19/20 | IE39: 0 | IF39: 0 | IG39: 0 | IH39: 0 | II39: 0 | IJ39: 0 | IK39: 0 | IL39: 0 | JA39: =COUNTIF(IO39:IZ39,">=0.0") -> 0 | JP39: =COUNTIF(JD39:JO39,">=0.0") -> 0 | JQ39: =JJ39-JF39 -> 0 | LN39: =IFERROR(ROWS($IL$8:IL39)," ") -> 32 | LO39: =IFERROR(IF([1]Checklist!$C$3='GenInfo (2)'!E39,'GenInfo (2)'!LN39," ")," ") | LP39: =IFERROR(SMALL($LO$8:$LO$94,ROWS($IL$8:IL39))," ") | LQ39: =IFERROR(ROWS($IL$8:IL39)," ") -> 32 | LR39: =IFERROR(IF([1]Checklist!$C$4='GenInfo (2)'!E39,'GenInfo (2)'!LQ39," ")," ") | LS39: =IFERROR(SMALL($LR$8:$LR$94,ROWS($IL$8:IL39))," ") | LT39: =IFERROR(ROWS($IL$8:IL39)," ") -> 32 | LU39: =IFERROR(IF([1]Checklist!$C$5='GenInfo (2)'!E39,'GenInfo (2)'!LT39," ")," ") | LV39: =IFERROR(SMALL($LU$8:$LU$94,ROWS($IL$8:IL39))," ") | LW39: =IFERROR(ROWS($IL$8:IL39)," ") -> 32 | LX39: =IFERROR(IF([1]Checklist!$C$6='GenInfo (2)'!E39,'GenInfo (2)'!LW39," ")," ") | LY39: =IFERROR(SMALL($LX$8:$LX$94,ROWS($IL$8:IL39))," ") | LZ39: =IFERROR(ROWS($IL$8:IL39)," ") -> 32 | MA39: =IFERROR(IF([1]Checklist!$C$7='GenInfo (2)'!E39,'GenInfo (2)'!LZ39," ")," ") | MB39: =IFERROR(SMALL($MA$8:$MA$94,ROWS($IL$8:IL39))," ") | MC39: =IFERROR(ROWS($IL$8:IL39)," ") -> 32 | MD39: =IFERROR(IF([1]Checklist!$C$8='GenInfo (2)'!E39,'GenInfo (2)'!MC39," ")," ") | ME39: =IFERROR(SMALL($MD$8:$MD$94,ROWS($IL$8:IL39))," ") | MF39: =IFERROR(ROWS($IL$8:IL39)," ") -> 32 | MG39: =IFERROR(IF([1]Checklist!$C$9='GenInfo (2)'!E39,'GenInfo (2)'!MF39," ")," ") | MH39: =IFERROR(SMALL($MG$8:$MG$94,ROWS($IL$8:IL39))," ") | MI39: =IFERROR(ROWS($IL$8:$IL39)," ") -> 32 | MJ39: =IFERROR(IF([1]Checklist!$C$10='GenInfo (2)'!E39,'GenInfo (2)'!MI39," ")," ") | MK39: =IFERROR(SMALL($MJ$8:$MJ$94,ROWS($IL$8:IL39))," ") | ML39: =IFERROR(ROWS($IL$8:IL39)," ") -> 32 | MM39: =IFERROR(IF([1]Checklist!$C$11='GenInfo (2)'!E39,'GenInfo (2)'!ML39," ")," ") | MN39: =IFERROR(SMALL($MM$8:$MM$94,ROWS($IL$8:IL39))," ") | MO39: =IFERROR(ROWS($IL$8:IL39)," ") -> 32 | MP39: =IFERROR(IF([1]Checklist!$C$12='GenInfo (2)'!E39,'GenInfo (2)'!MO39," ")," ") | MQ39: =IFERROR(SMALL($MP$8:$MP$94,ROWS($IL$8:IL39))," ") | MR39: =IFERROR(ROWS($IL$8:IL39)," ") -> 32 | MS39: =IFERROR(IF([1]Checklist!$C$13='GenInfo (2)'!E39,'GenInfo (2)'!MR39," ")," ") | MT39: =IFERROR(SMALL($MS$8:$MS$94,ROWS($IL$8:IL39))," ") | MU39: =IFERROR(ROWS($IL$8:IL39)," ") -> 32 | MV39: =IFERROR(IF([1]Checklist!$C$14='GenInfo (2)'!E39,'GenInfo (2)'!MU39," ")," ") -> 32 | MW39: =IFERROR(SMALL($MV$8:$MV$94,ROWS($IL$8:IL39))," ") | MX39: =IFERROR(ROWS($IL$8:IL39)," ") -> 32 | MY39: =IFERROR(IF([1]Checklist!$C$15='GenInfo (2)'!E39,'GenInfo (2)'!MX39," ")," ") | MZ39: =IFERROR(SMALL($MY$8:$MY$94,ROWS($IL$8:IL39))," ") | NA39: =IFERROR(ROWS($IL$8:IL39)," ") -> 32 | NB39: =IFERROR(IF([1]Checklist!$C$16='GenInfo (2)'!E39,'GenInfo (2)'!NA39," ")," ") | NC39: =IFERROR(SMALL($NB$8:$NB$94,ROWS($IL$8:IL39))," ") | ND39: =IFERROR(ROWS($IL$8:IL39)," ") -> 32 | NE39: =IFERROR(IF([1]Checklist!$C$17='GenInfo (2)'!E39,'GenInfo (2)'!ND39," ")," ") | NF39: =IFERROR(SMALL($NE$8:$NE$94,ROWS($IL$8:IL39))," ")
